
  .   ____          _            __ _ _
 /\\ / ___'_ __ _ _(_)_ __  __ _ \ \ \ \
( ( )\___ | '_ | '_| | '_ \/ _` | \ \ \ \
 \\/  ___)| |_)| | | | | || (_| |  ) ) ) )
  '  |____| .__|_| |_|_| |_\__, | / / / /
 =========|_|==============|___/=/_/_/_/

 :: Spring Boot ::               (v3.3.11)

2026-04-24T13:12:50.550+08:00  INFO 45844 --- [yujianghuai-boot] [           main] c.y.boot.YujianghuaiBootApplication      : Starting YujianghuaiBootApplication v1.0.0 using Java 17.0.13 with PID 45844 (F:\study\Real-time-fund-estimation\Real-time-fund-estimation\yujianghuai-boot\target\yujianghuai-boot-1.0.0.jar started by jxzjun in F:\study\Real-time-fund-estimation\Real-time-fund-estimation)
2026-04-24T13:12:50.552+08:00  INFO 45844 --- [yujianghuai-boot] [           main] c.y.boot.YujianghuaiBootApplication      : No active profile set, falling back to 1 default profile: "default"
2026-04-24T13:12:51.652+08:00  INFO 45844 --- [yujianghuai-boot] [           main] .s.d.r.c.RepositoryConfigurationDelegate : Multiple Spring Data modules found, entering strict repository configuration mode
2026-04-24T13:12:51.654+08:00  INFO 45844 --- [yujianghuai-boot] [           main] .s.d.r.c.RepositoryConfigurationDelegate : Bootstrapping Spring Data Redis repositories in DEFAULT mode.
2026-04-24T13:12:51.674+08:00  INFO 45844 --- [yujianghuai-boot] [           main] .s.d.r.c.RepositoryConfigurationDelegate : Finished Spring Data repository scanning in 9 ms. Found 0 Redis repository interfaces.
2026-04-24T13:12:52.743+08:00  INFO 45844 --- [yujianghuai-boot] [           main] o.s.b.w.embedded.tomcat.TomcatWebServer  : Tomcat initialized with port 18081 (http)
2026-04-24T13:12:52.763+08:00  INFO 45844 --- [yujianghuai-boot] [           main] o.apache.catalina.core.StandardService   : Starting service [Tomcat]
2026-04-24T13:12:52.763+08:00  INFO 45844 --- [yujianghuai-boot] [           main] o.apache.catalina.core.StandardEngine    : Starting Servlet engine: [Apache Tomcat/10.1.40]
2026-04-24T13:12:52.816+08:00  INFO 45844 --- [yujianghuai-boot] [           main] o.a.c.c.C.[Tomcat].[localhost].[/]       : Initializing Spring embedded WebApplicationContext
2026-04-24T13:12:52.817+08:00  INFO 45844 --- [yujianghuai-boot] [           main] w.s.c.ServletWebServerApplicationContext : Root WebApplicationContext: initialization completed in 2218 ms
 _ _   |_  _ _|_. ___ _ |    _ 
| | |\/|_)(_| | |_\  |_)||_|_\ 
     /               |         
                        3.5.7 
2026-04-24T13:12:55.385+08:00 TRACE 45844 --- [yujianghuai-boot] [           main] eGlobalAuthenticationAutowiredConfigurer : Eagerly initializing {org.springframework.boot.autoconfigure.security.servlet.SpringBootWebSecurityConfiguration$WebSecurityEnablerConfiguration=org.springframework.boot.autoconfigure.security.servlet.SpringBootWebSecurityConfiguration$WebSecurityEnablerConfiguration@40fee459}
2026-04-24T13:12:55.388+08:00 DEBUG 45844 --- [yujianghuai-boot] [           main] swordEncoderAuthenticationManagerBuilder : No authenticationProviders and no parentAuthenticationManager defined. Returning null.
2026-04-24T13:12:55.498+08:00 DEBUG 45844 --- [yujianghuai-boot] [           main] o.s.s.web.DefaultSecurityFilterChain     : Will secure any request with filters: DisableEncodeUrlFilter, WebAsyncManagerIntegrationFilter, SecurityContextHolderFilter, HeaderWriterFilter, CsrfFilter, LogoutFilter, UsernamePasswordAuthenticationFilter, DefaultLoginPageGeneratingFilter, DefaultLogoutPageGeneratingFilter, BasicAuthenticationFilter, RequestCacheAwareFilter, SecurityContextHolderAwareRequestFilter, AnonymousAuthenticationFilter, ExceptionTranslationFilter, AuthorizationFilter
2026-04-24T13:12:55.883+08:00  INFO 45844 --- [yujianghuai-boot] [           main] o.s.b.w.embedded.tomcat.TomcatWebServer  : Tomcat started on port 18081 (http) with context path '/'
2026-04-24T13:12:55.886+08:00  INFO 45844 --- [yujianghuai-boot] [           main] o.s.a.r.c.CachingConnectionFactory       : Attempting to connect to: [127.0.0.1:5672]
2026-04-24T13:12:55.891+08:00  INFO 45844 --- [yujianghuai-boot] [           main] o.s.a.r.l.SimpleMessageListenerContainer : Broker not available; cannot force queue declarations during start: java.net.ConnectException: Connection refused: getsockopt
2026-04-24T13:12:55.897+08:00  INFO 45844 --- [yujianghuai-boot] [ntContainer#0-1] o.s.a.r.c.CachingConnectionFactory       : Attempting to connect to: [127.0.0.1:5672]
2026-04-24T13:12:55.898+08:00 ERROR 45844 --- [yujianghuai-boot] [ntContainer#0-1] o.s.a.r.l.SimpleMessageListenerContainer : Failed to check/redeclare auto-delete queue(s).

org.springframework.amqp.AmqpConnectException: java.net.ConnectException: Connection refused: getsockopt
	at org.springframework.amqp.rabbit.support.RabbitExceptionTranslator.convertRabbitAccessException(RabbitExceptionTranslator.java:61) ~[spring-rabbit-3.1.11.jar!/:3.1.11]
	at org.springframework.amqp.rabbit.connection.AbstractConnectionFactory.createBareConnection(AbstractConnectionFactory.java:623) ~[spring-rabbit-3.1.11.jar!/:3.1.11]
	at org.springframework.amqp.rabbit.connection.CachingConnectionFactory.createConnection(CachingConnectionFactory.java:726) ~[spring-rabbit-3.1.11.jar!/:3.1.11]
	at org.springframework.amqp.rabbit.connection.ConnectionFactoryUtils.createConnection(ConnectionFactoryUtils.java:257) ~[spring-rabbit-3.1.11.jar!/:3.1.11]
	at org.springframework.amqp.rabbit.core.RabbitTemplate.doExecute(RabbitTemplate.java:2249) ~[spring-rabbit-3.1.11.jar!/:3.1.11]
	at org.springframework.amqp.rabbit.core.RabbitTemplate.execute(RabbitTemplate.java:2222) ~[spring-rabbit-3.1.11.jar!/:3.1.11]
	at org.springframework.amqp.rabbit.core.RabbitTemplate.execute(RabbitTemplate.java:2202) ~[spring-rabbit-3.1.11.jar!/:3.1.11]
	at org.springframework.amqp.rabbit.core.RabbitAdmin.getQueueInfo(RabbitAdmin.java:468) ~[spring-rabbit-3.1.11.jar!/:3.1.11]
	at org.springframework.amqp.rabbit.core.RabbitAdmin.getQueueProperties(RabbitAdmin.java:452) ~[spring-rabbit-3.1.11.jar!/:3.1.11]
	at org.springframework.amqp.rabbit.listener.AbstractMessageListenerContainer.attemptDeclarations(AbstractMessageListenerContainer.java:1973) ~[spring-rabbit-3.1.11.jar!/:3.1.11]
	at org.springframework.amqp.rabbit.listener.AbstractMessageListenerContainer.redeclareElementsIfNecessary(AbstractMessageListenerContainer.java:1937) ~[spring-rabbit-3.1.11.jar!/:3.1.11]
	at org.springframework.amqp.rabbit.listener.SimpleMessageListenerContainer$AsyncMessageProcessingConsumer.initialize(SimpleMessageListenerContainer.java:1477) ~[spring-rabbit-3.1.11.jar!/:3.1.11]
	at org.springframework.amqp.rabbit.listener.SimpleMessageListenerContainer$AsyncMessageProcessingConsumer.run(SimpleMessageListenerContainer.java:1318) ~[spring-rabbit-3.1.11.jar!/:3.1.11]
	at java.base/java.lang.Thread.run(Thread.java:840) ~[na:na]
Caused by: java.net.ConnectException: Connection refused: getsockopt
	at java.base/sun.nio.ch.Net.pollConnect(Native Method) ~[na:na]
	at java.base/sun.nio.ch.Net.pollConnectNow(Net.java:672) ~[na:na]
	at java.base/sun.nio.ch.NioSocketImpl.timedFinishConnect(NioSocketImpl.java:547) ~[na:na]
	at java.base/sun.nio.ch.NioSocketImpl.connect(NioSocketImpl.java:602) ~[na:na]
	at java.base/java.net.SocksSocketImpl.connect(SocksSocketImpl.java:327) ~[na:na]
	at java.base/java.net.Socket.connect(Socket.java:633) ~[na:na]
	at com.rabbitmq.client.impl.SocketFrameHandlerFactory.create(SocketFrameHandlerFactory.java:61) ~[amqp-client-5.21.0.jar!/:5.21.0]
	at com.rabbitmq.client.ConnectionFactory.newConnection(ConnectionFactory.java:1249) ~[amqp-client-5.21.0.jar!/:5.21.0]
	at com.rabbitmq.client.ConnectionFactory.newConnection(ConnectionFactory.java:1198) ~[amqp-client-5.21.0.jar!/:5.21.0]
	at org.springframework.amqp.rabbit.connection.AbstractConnectionFactory.connectAddresses(AbstractConnectionFactory.java:669) ~[spring-rabbit-3.1.11.jar!/:3.1.11]
	at org.springframework.amqp.rabbit.connection.AbstractConnectionFactory.connect(AbstractConnectionFactory.java:638) ~[spring-rabbit-3.1.11.jar!/:3.1.11]
	at org.springframework.amqp.rabbit.connection.AbstractConnectionFactory.createBareConnection(AbstractConnectionFactory.java:585) ~[spring-rabbit-3.1.11.jar!/:3.1.11]
	... 12 common frames omitted

2026-04-24T13:12:55.904+08:00  INFO 45844 --- [yujianghuai-boot] [ntContainer#0-1] o.s.a.r.c.CachingConnectionFactory       : Attempting to connect to: [127.0.0.1:5672]
2026-04-24T13:12:55.936+08:00  INFO 45844 --- [yujianghuai-boot] [           main] c.y.boot.YujianghuaiBootApplication      : Started YujianghuaiBootApplication in 5.829 seconds (process running for 6.415)
2026-04-24T13:13:01.099+08:00  WARN 45844 --- [yujianghuai-boot] [ntContainer#0-1] o.s.a.r.l.SimpleMessageListenerContainer : Consumer raised exception, processing can restart if the connection factory supports it. Exception summary: org.springframework.amqp.AmqpConnectException: java.net.ConnectException: Connection refused: getsockopt
2026-04-24T13:13:01.103+08:00  INFO 45844 --- [yujianghuai-boot] [ntContainer#0-1] o.s.a.r.l.SimpleMessageListenerContainer : Restarting Consumer@5759edff: tags=[[]], channel=null, acknowledgeMode=AUTO local queue size=0
2026-04-24T13:13:01.104+08:00  INFO 45844 --- [yujianghuai-boot] [ntContainer#0-2] o.s.a.r.c.CachingConnectionFactory       : Attempting to connect to: [127.0.0.1:5672]
2026-04-24T13:13:01.129+08:00 ERROR 45844 --- [yujianghuai-boot] [ntContainer#0-2] o.s.a.r.l.SimpleMessageListenerContainer : Failed to check/redeclare auto-delete queue(s).
2026-04-24T13:13:01.129+08:00  INFO 45844 --- [yujianghuai-boot] [ntContainer#0-2] o.s.a.r.c.CachingConnectionFactory       : Attempting to connect to: [127.0.0.1:5672]
2026-04-24T13:13:01.403+08:00  INFO 45844 --- [yujianghuai-boot] [io-18081-exec-1] o.a.c.c.C.[Tomcat].[localhost].[/]       : Initializing Spring DispatcherServlet 'dispatcherServlet'
2026-04-24T13:13:01.404+08:00  INFO 45844 --- [yujianghuai-boot] [io-18081-exec-1] o.s.web.servlet.DispatcherServlet        : Initializing Servlet 'dispatcherServlet'
2026-04-24T13:13:01.405+08:00  INFO 45844 --- [yujianghuai-boot] [io-18081-exec-1] o.s.web.servlet.DispatcherServlet        : Completed initialization in 1 ms
2026-04-24T13:13:01.418+08:00 TRACE 45844 --- [yujianghuai-boot] [io-18081-exec-1] o.s.security.web.FilterChainProxy        : Trying to match request against DefaultSecurityFilterChain [RequestMatcher=any request, Filters=[org.springframework.security.web.session.DisableEncodeUrlFilter@3f8a5fc2, org.springframework.security.web.context.request.async.WebAsyncManagerIntegrationFilter@74693113, org.springframework.security.web.context.SecurityContextHolderFilter@117069f2, org.springframework.security.web.header.HeaderWriterFilter@51c6e775, org.springframework.security.web.csrf.CsrfFilter@3bbc47c9, org.springframework.security.web.authentication.logout.LogoutFilter@571c2ed8, org.springframework.security.web.authentication.UsernamePasswordAuthenticationFilter@aa794a3, org.springframework.security.web.authentication.ui.DefaultLoginPageGeneratingFilter@4f0c1409, org.springframework.security.web.authentication.ui.DefaultLogoutPageGeneratingFilter@4e7ada17, org.springframework.security.web.authentication.www.BasicAuthenticationFilter@301770d9, org.springframework.security.web.savedrequest.RequestCacheAwareFilter@2b82018, org.springframework.security.web.servletapi.SecurityContextHolderAwareRequestFilter@17034458, org.springframework.security.web.authentication.AnonymousAuthenticationFilter@67753669, org.springframework.security.web.access.ExceptionTranslationFilter@34ede267, org.springframework.security.web.access.intercept.AuthorizationFilter@7e63374b]] (1/1)
2026-04-24T13:13:01.419+08:00 DEBUG 45844 --- [yujianghuai-boot] [io-18081-exec-1] o.s.security.web.FilterChainProxy        : Securing POST /auth/login
2026-04-24T13:13:01.419+08:00 TRACE 45844 --- [yujianghuai-boot] [io-18081-exec-1] o.s.security.web.FilterChainProxy        : Invoking DisableEncodeUrlFilter (1/15)
2026-04-24T13:13:01.420+08:00 TRACE 45844 --- [yujianghuai-boot] [io-18081-exec-1] o.s.security.web.FilterChainProxy        : Invoking WebAsyncManagerIntegrationFilter (2/15)
2026-04-24T13:13:01.422+08:00 TRACE 45844 --- [yujianghuai-boot] [io-18081-exec-1] o.s.security.web.FilterChainProxy        : Invoking SecurityContextHolderFilter (3/15)
2026-04-24T13:13:01.423+08:00 TRACE 45844 --- [yujianghuai-boot] [io-18081-exec-1] o.s.security.web.FilterChainProxy        : Invoking HeaderWriterFilter (4/15)
2026-04-24T13:13:01.425+08:00 TRACE 45844 --- [yujianghuai-boot] [io-18081-exec-1] o.s.security.web.FilterChainProxy        : Invoking CsrfFilter (5/15)
2026-04-24T13:13:01.461+08:00 DEBUG 45844 --- [yujianghuai-boot] [io-18081-exec-1] o.s.security.web.csrf.CsrfFilter         : Invalid CSRF token found for http://127.0.0.1:18081/auth/login
2026-04-24T13:13:01.462+08:00 DEBUG 45844 --- [yujianghuai-boot] [io-18081-exec-1] o.s.s.w.access.AccessDeniedHandlerImpl   : Responding with 403 status code
2026-04-24T13:13:01.463+08:00 TRACE 45844 --- [yujianghuai-boot] [io-18081-exec-1] o.s.s.w.header.writers.HstsHeaderWriter  : Not injecting HSTS header since it did not match request to [Is Secure]
2026-04-24T13:13:01.473+08:00 TRACE 45844 --- [yujianghuai-boot] [io-18081-exec-1] o.s.security.web.FilterChainProxy        : Trying to match request against DefaultSecurityFilterChain [RequestMatcher=any request, Filters=[org.springframework.security.web.session.DisableEncodeUrlFilter@3f8a5fc2, org.springframework.security.web.context.request.async.WebAsyncManagerIntegrationFilter@74693113, org.springframework.security.web.context.SecurityContextHolderFilter@117069f2, org.springframework.security.web.header.HeaderWriterFilter@51c6e775, org.springframework.security.web.csrf.CsrfFilter@3bbc47c9, org.springframework.security.web.authentication.logout.LogoutFilter@571c2ed8, org.springframework.security.web.authentication.UsernamePasswordAuthenticationFilter@aa794a3, org.springframework.security.web.authentication.ui.DefaultLoginPageGeneratingFilter@4f0c1409, org.springframework.security.web.authentication.ui.DefaultLogoutPageGeneratingFilter@4e7ada17, org.springframework.security.web.authentication.www.BasicAuthenticationFilter@301770d9, org.springframework.security.web.savedrequest.RequestCacheAwareFilter@2b82018, org.springframework.security.web.servletapi.SecurityContextHolderAwareRequestFilter@17034458, org.springframework.security.web.authentication.AnonymousAuthenticationFilter@67753669, org.springframework.security.web.access.ExceptionTranslationFilter@34ede267, org.springframework.security.web.access.intercept.AuthorizationFilter@7e63374b]] (1/1)
2026-04-24T13:13:01.473+08:00 DEBUG 45844 --- [yujianghuai-boot] [io-18081-exec-1] o.s.security.web.FilterChainProxy        : Securing POST /error
2026-04-24T13:13:01.473+08:00 TRACE 45844 --- [yujianghuai-boot] [io-18081-exec-1] o.s.security.web.FilterChainProxy        : Invoking DisableEncodeUrlFilter (1/15)
2026-04-24T13:13:01.474+08:00 TRACE 45844 --- [yujianghuai-boot] [io-18081-exec-1] o.s.security.web.FilterChainProxy        : Invoking WebAsyncManagerIntegrationFilter (2/15)
2026-04-24T13:13:01.474+08:00 TRACE 45844 --- [yujianghuai-boot] [io-18081-exec-1] o.s.security.web.FilterChainProxy        : Invoking SecurityContextHolderFilter (3/15)
2026-04-24T13:13:01.474+08:00 TRACE 45844 --- [yujianghuai-boot] [io-18081-exec-1] o.s.security.web.FilterChainProxy        : Invoking HeaderWriterFilter (4/15)
2026-04-24T13:13:01.474+08:00 TRACE 45844 --- [yujianghuai-boot] [io-18081-exec-1] o.s.security.web.FilterChainProxy        : Invoking CsrfFilter (5/15)
2026-04-24T13:13:01.474+08:00 TRACE 45844 --- [yujianghuai-boot] [io-18081-exec-1] o.s.security.web.FilterChainProxy        : Invoking LogoutFilter (6/15)
2026-04-24T13:13:01.474+08:00 TRACE 45844 --- [yujianghuai-boot] [io-18081-exec-1] o.s.s.w.a.logout.LogoutFilter            : Did not match request to Ant [pattern='/logout', POST]
2026-04-24T13:13:01.475+08:00 TRACE 45844 --- [yujianghuai-boot] [io-18081-exec-1] o.s.security.web.FilterChainProxy        : Invoking UsernamePasswordAuthenticationFilter (7/15)
2026-04-24T13:13:01.475+08:00 TRACE 45844 --- [yujianghuai-boot] [io-18081-exec-1] w.a.UsernamePasswordAuthenticationFilter : Did not match request to Ant [pattern='/login', POST]
2026-04-24T13:13:01.475+08:00 TRACE 45844 --- [yujianghuai-boot] [io-18081-exec-1] o.s.security.web.FilterChainProxy        : Invoking DefaultLoginPageGeneratingFilter (8/15)
2026-04-24T13:13:01.475+08:00 TRACE 45844 --- [yujianghuai-boot] [io-18081-exec-1] o.s.security.web.FilterChainProxy        : Invoking DefaultLogoutPageGeneratingFilter (9/15)
2026-04-24T13:13:01.475+08:00 TRACE 45844 --- [yujianghuai-boot] [io-18081-exec-1] o.s.security.web.FilterChainProxy        : Invoking BasicAuthenticationFilter (10/15)
2026-04-24T13:13:01.475+08:00 TRACE 45844 --- [yujianghuai-boot] [io-18081-exec-1] o.s.security.web.FilterChainProxy        : Invoking RequestCacheAwareFilter (11/15)
2026-04-24T13:13:01.475+08:00 TRACE 45844 --- [yujianghuai-boot] [io-18081-exec-1] o.s.s.w.s.HttpSessionRequestCache        : matchingRequestParameterName is required for getMatchingRequest to lookup a value, but not provided
2026-04-24T13:13:01.476+08:00 TRACE 45844 --- [yujianghuai-boot] [io-18081-exec-1] o.s.security.web.FilterChainProxy        : Invoking SecurityContextHolderAwareRequestFilter (12/15)
2026-04-24T13:13:01.477+08:00 TRACE 45844 --- [yujianghuai-boot] [io-18081-exec-1] o.s.security.web.FilterChainProxy        : Invoking AnonymousAuthenticationFilter (13/15)
2026-04-24T13:13:01.477+08:00 TRACE 45844 --- [yujianghuai-boot] [io-18081-exec-1] o.s.security.web.FilterChainProxy        : Invoking ExceptionTranslationFilter (14/15)
2026-04-24T13:13:01.477+08:00 TRACE 45844 --- [yujianghuai-boot] [io-18081-exec-1] o.s.security.web.FilterChainProxy        : Invoking AuthorizationFilter (15/15)
2026-04-24T13:13:01.478+08:00 TRACE 45844 --- [yujianghuai-boot] [io-18081-exec-1] estMatcherDelegatingAuthorizationManager : Authorizing POST /error
2026-04-24T13:13:01.478+08:00 TRACE 45844 --- [yujianghuai-boot] [io-18081-exec-1] estMatcherDelegatingAuthorizationManager : Checking authorization on POST /error using org.springframework.security.authorization.AuthenticatedAuthorizationManager@38a60a0
2026-04-24T13:13:01.478+08:00 TRACE 45844 --- [yujianghuai-boot] [io-18081-exec-1] w.c.HttpSessionSecurityContextRepository : Did not find SecurityContext in HttpSession BD738980949A8630E2BABAA8CBCA40D2 using the SPRING_SECURITY_CONTEXT session attribute
2026-04-24T13:13:01.478+08:00 TRACE 45844 --- [yujianghuai-boot] [io-18081-exec-1] .s.s.w.c.SupplierDeferredSecurityContext : Created SecurityContextImpl [Null authentication]
2026-04-24T13:13:01.478+08:00 TRACE 45844 --- [yujianghuai-boot] [io-18081-exec-1] .s.s.w.c.SupplierDeferredSecurityContext : Created SecurityContextImpl [Null authentication]
2026-04-24T13:13:01.479+08:00 TRACE 45844 --- [yujianghuai-boot] [io-18081-exec-1] o.s.s.w.a.AnonymousAuthenticationFilter  : Set SecurityContextHolder to AnonymousAuthenticationToken [Principal=anonymousUser, Credentials=[PROTECTED], Authenticated=true, Details=WebAuthenticationDetails [RemoteIpAddress=127.0.0.1, SessionId=BD738980949A8630E2BABAA8CBCA40D2], Granted Authorities=[ROLE_ANONYMOUS]]
2026-04-24T13:13:01.480+08:00 TRACE 45844 --- [yujianghuai-boot] [io-18081-exec-1] o.s.s.w.a.ExceptionTranslationFilter     : Sending AnonymousAuthenticationToken [Principal=anonymousUser, Credentials=[PROTECTED], Authenticated=true, Details=WebAuthenticationDetails [RemoteIpAddress=127.0.0.1, SessionId=BD738980949A8630E2BABAA8CBCA40D2], Granted Authorities=[ROLE_ANONYMOUS]] to authentication entry point since access is denied

org.springframework.security.access.AccessDeniedException: Access Denied
	at org.springframework.security.web.access.intercept.AuthorizationFilter.doFilter(AuthorizationFilter.java:98) ~[spring-security-web-6.3.9.jar!/:6.3.9]
	at org.springframework.security.web.FilterChainProxy$VirtualFilterChain.doFilter(FilterChainProxy.java:374) ~[spring-security-web-6.3.9.jar!/:6.3.9]
	at org.springframework.security.web.access.ExceptionTranslationFilter.doFilter(ExceptionTranslationFilter.java:126) ~[spring-security-web-6.3.9.jar!/:6.3.9]
	at org.springframework.security.web.access.ExceptionTranslationFilter.doFilter(ExceptionTranslationFilter.java:120) ~[spring-security-web-6.3.9.jar!/:6.3.9]
	at org.springframework.security.web.FilterChainProxy$VirtualFilterChain.doFilter(FilterChainProxy.java:374) ~[spring-security-web-6.3.9.jar!/:6.3.9]
	at org.springframework.security.web.authentication.AnonymousAuthenticationFilter.doFilter(AnonymousAuthenticationFilter.java:100) ~[spring-security-web-6.3.9.jar!/:6.3.9]
	at org.springframework.security.web.FilterChainProxy$VirtualFilterChain.doFilter(FilterChainProxy.java:374) ~[spring-security-web-6.3.9.jar!/:6.3.9]
	at org.springframework.security.web.servletapi.SecurityContextHolderAwareRequestFilter.doFilter(SecurityContextHolderAwareRequestFilter.java:179) ~[spring-security-web-6.3.9.jar!/:6.3.9]
	at org.springframework.security.web.FilterChainProxy$VirtualFilterChain.doFilter(FilterChainProxy.java:374) ~[spring-security-web-6.3.9.jar!/:6.3.9]
	at org.springframework.security.web.savedrequest.RequestCacheAwareFilter.doFilter(RequestCacheAwareFilter.java:63) ~[spring-security-web-6.3.9.jar!/:6.3.9]
	at org.springframework.security.web.FilterChainProxy$VirtualFilterChain.doFilter(FilterChainProxy.java:374) ~[spring-security-web-6.3.9.jar!/:6.3.9]
	at org.springframework.web.filter.OncePerRequestFilter.doFilter(OncePerRequestFilter.java:101) ~[spring-web-6.1.19.jar!/:6.1.19]
	at org.springframework.security.web.FilterChainProxy$VirtualFilterChain.doFilter(FilterChainProxy.java:374) ~[spring-security-web-6.3.9.jar!/:6.3.9]
	at org.springframework.web.filter.OncePerRequestFilter.doFilter(OncePerRequestFilter.java:101) ~[spring-web-6.1.19.jar!/:6.1.19]
	at org.springframework.security.web.FilterChainProxy$VirtualFilterChain.doFilter(FilterChainProxy.java:374) ~[spring-security-web-6.3.9.jar!/:6.3.9]
	at org.springframework.security.web.authentication.ui.DefaultLoginPageGeneratingFilter.doFilter(DefaultLoginPageGeneratingFilter.java:189) ~[spring-security-web-6.3.9.jar!/:6.3.9]
	at org.springframework.security.web.authentication.ui.DefaultLoginPageGeneratingFilter.doFilter(DefaultLoginPageGeneratingFilter.java:175) ~[spring-security-web-6.3.9.jar!/:6.3.9]
	at org.springframework.security.web.FilterChainProxy$VirtualFilterChain.doFilter(FilterChainProxy.java:374) ~[spring-security-web-6.3.9.jar!/:6.3.9]
	at org.springframework.security.web.authentication.AbstractAuthenticationProcessingFilter.doFilter(AbstractAuthenticationProcessingFilter.java:227) ~[spring-security-web-6.3.9.jar!/:6.3.9]
	at org.springframework.security.web.authentication.AbstractAuthenticationProcessingFilter.doFilter(AbstractAuthenticationProcessingFilter.java:221) ~[spring-security-web-6.3.9.jar!/:6.3.9]
	at org.springframework.security.web.FilterChainProxy$VirtualFilterChain.doFilter(FilterChainProxy.java:374) ~[spring-security-web-6.3.9.jar!/:6.3.9]
	at org.springframework.security.web.authentication.logout.LogoutFilter.doFilter(LogoutFilter.java:107) ~[spring-security-web-6.3.9.jar!/:6.3.9]
	at org.springframework.security.web.authentication.logout.LogoutFilter.doFilter(LogoutFilter.java:93) ~[spring-security-web-6.3.9.jar!/:6.3.9]
	at org.springframework.security.web.FilterChainProxy$VirtualFilterChain.doFilter(FilterChainProxy.java:374) ~[spring-security-web-6.3.9.jar!/:6.3.9]
	at org.springframework.web.filter.OncePerRequestFilter.doFilter(OncePerRequestFilter.java:101) ~[spring-web-6.1.19.jar!/:6.1.19]
	at org.springframework.security.web.FilterChainProxy$VirtualFilterChain.doFilter(FilterChainProxy.java:374) ~[spring-security-web-6.3.9.jar!/:6.3.9]
	at org.springframework.web.filter.OncePerRequestFilter.doFilter(OncePerRequestFilter.java:101) ~[spring-web-6.1.19.jar!/:6.1.19]
	at org.springframework.security.web.FilterChainProxy$VirtualFilterChain.doFilter(FilterChainProxy.java:374) ~[spring-security-web-6.3.9.jar!/:6.3.9]
	at org.springframework.security.web.context.SecurityContextHolderFilter.doFilter(SecurityContextHolderFilter.java:82) ~[spring-security-web-6.3.9.jar!/:6.3.9]
	at org.springframework.security.web.context.SecurityContextHolderFilter.doFilter(SecurityContextHolderFilter.java:69) ~[spring-security-web-6.3.9.jar!/:6.3.9]
	at org.springframework.security.web.FilterChainProxy$VirtualFilterChain.doFilter(FilterChainProxy.java:374) ~[spring-security-web-6.3.9.jar!/:6.3.9]
	at org.springframework.web.filter.OncePerRequestFilter.doFilter(OncePerRequestFilter.java:101) ~[spring-web-6.1.19.jar!/:6.1.19]
	at org.springframework.security.web.FilterChainProxy$VirtualFilterChain.doFilter(FilterChainProxy.java:374) ~[spring-security-web-6.3.9.jar!/:6.3.9]
	at org.springframework.web.filter.OncePerRequestFilter.doFilter(OncePerRequestFilter.java:101) ~[spring-web-6.1.19.jar!/:6.1.19]
	at org.springframework.security.web.FilterChainProxy$VirtualFilterChain.doFilter(FilterChainProxy.java:374) ~[spring-security-web-6.3.9.jar!/:6.3.9]
	at org.springframework.security.web.FilterChainProxy.doFilterInternal(FilterChainProxy.java:233) ~[spring-security-web-6.3.9.jar!/:6.3.9]
	at org.springframework.security.web.FilterChainProxy.doFilter(FilterChainProxy.java:191) ~[spring-security-web-6.3.9.jar!/:6.3.9]
	at org.springframework.web.filter.CompositeFilter$VirtualFilterChain.doFilter(CompositeFilter.java:113) ~[spring-web-6.1.19.jar!/:6.1.19]
	at org.springframework.web.servlet.handler.HandlerMappingIntrospector.lambda$createCacheFilter$3(HandlerMappingIntrospector.java:195) ~[spring-webmvc-6.1.19.jar!/:6.1.19]
	at org.springframework.web.filter.CompositeFilter$VirtualFilterChain.doFilter(CompositeFilter.java:113) ~[spring-web-6.1.19.jar!/:6.1.19]
	at org.springframework.web.filter.CompositeFilter.doFilter(CompositeFilter.java:74) ~[spring-web-6.1.19.jar!/:6.1.19]
	at org.springframework.security.config.annotation.web.configuration.WebMvcSecurityConfiguration$CompositeFilterChainProxy.doFilter(WebMvcSecurityConfiguration.java:230) ~[spring-security-config-6.3.9.jar!/:6.3.9]
	at org.springframework.web.filter.DelegatingFilterProxy.invokeDelegate(DelegatingFilterProxy.java:362) ~[spring-web-6.1.19.jar!/:6.1.19]
	at org.springframework.web.filter.DelegatingFilterProxy.doFilter(DelegatingFilterProxy.java:278) ~[spring-web-6.1.19.jar!/:6.1.19]
	at org.apache.catalina.core.ApplicationFilterChain.internalDoFilter(ApplicationFilterChain.java:164) ~[tomcat-embed-core-10.1.40.jar!/:na]
	at org.apache.catalina.core.ApplicationFilterChain.doFilter(ApplicationFilterChain.java:140) ~[tomcat-embed-core-10.1.40.jar!/:na]
	at org.springframework.web.filter.RequestContextFilter.doFilterInternal(RequestContextFilter.java:100) ~[spring-web-6.1.19.jar!/:6.1.19]
	at org.springframework.web.filter.OncePerRequestFilter.doFilter(OncePerRequestFilter.java:116) ~[spring-web-6.1.19.jar!/:6.1.19]
	at org.apache.catalina.core.ApplicationFilterChain.internalDoFilter(ApplicationFilterChain.java:164) ~[tomcat-embed-core-10.1.40.jar!/:na]
	at org.apache.catalina.core.ApplicationFilterChain.doFilter(ApplicationFilterChain.java:140) ~[tomcat-embed-core-10.1.40.jar!/:na]
	at org.springframework.web.filter.OncePerRequestFilter.doFilter(OncePerRequestFilter.java:101) ~[spring-web-6.1.19.jar!/:6.1.19]
	at org.apache.catalina.core.ApplicationFilterChain.internalDoFilter(ApplicationFilterChain.java:164) ~[tomcat-embed-core-10.1.40.jar!/:na]
	at org.apache.catalina.core.ApplicationFilterChain.doFilter(ApplicationFilterChain.java:140) ~[tomcat-embed-core-10.1.40.jar!/:na]
	at org.springframework.web.filter.OncePerRequestFilter.doFilter(OncePerRequestFilter.java:101) ~[spring-web-6.1.19.jar!/:6.1.19]
	at org.apache.catalina.core.ApplicationFilterChain.internalDoFilter(ApplicationFilterChain.java:164) ~[tomcat-embed-core-10.1.40.jar!/:na]
	at org.apache.catalina.core.ApplicationFilterChain.doFilter(ApplicationFilterChain.java:140) ~[tomcat-embed-core-10.1.40.jar!/:na]
	at org.apache.catalina.core.ApplicationDispatcher.invoke(ApplicationDispatcher.java:612) ~[tomcat-embed-core-10.1.40.jar!/:na]
	at org.apache.catalina.core.ApplicationDispatcher.processRequest(ApplicationDispatcher.java:396) ~[tomcat-embed-core-10.1.40.jar!/:na]
	at org.apache.catalina.core.ApplicationDispatcher.doForward(ApplicationDispatcher.java:323) ~[tomcat-embed-core-10.1.40.jar!/:na]
	at org.apache.catalina.core.ApplicationDispatcher.forward(ApplicationDispatcher.java:268) ~[tomcat-embed-core-10.1.40.jar!/:na]
	at org.apache.catalina.core.StandardHostValve.custom(StandardHostValve.java:377) ~[tomcat-embed-core-10.1.40.jar!/:na]
	at org.apache.catalina.core.StandardHostValve.status(StandardHostValve.java:209) ~[tomcat-embed-core-10.1.40.jar!/:na]
	at org.apache.catalina.core.StandardHostValve.invoke(StandardHostValve.java:152) ~[tomcat-embed-core-10.1.40.jar!/:na]
	at org.apache.catalina.valves.ErrorReportValve.invoke(ErrorReportValve.java:93) ~[tomcat-embed-core-10.1.40.jar!/:na]
	at org.apache.catalina.core.StandardEngineValve.invoke(StandardEngineValve.java:74) ~[tomcat-embed-core-10.1.40.jar!/:na]
	at org.apache.catalina.connector.CoyoteAdapter.service(CoyoteAdapter.java:344) ~[tomcat-embed-core-10.1.40.jar!/:na]
	at org.apache.coyote.http11.Http11Processor.service(Http11Processor.java:398) ~[tomcat-embed-core-10.1.40.jar!/:na]
	at org.apache.coyote.AbstractProcessorLight.process(AbstractProcessorLight.java:63) ~[tomcat-embed-core-10.1.40.jar!/:na]
	at org.apache.coyote.AbstractProtocol$ConnectionHandler.process(AbstractProtocol.java:903) ~[tomcat-embed-core-10.1.40.jar!/:na]
	at org.apache.tomcat.util.net.NioEndpoint$SocketProcessor.doRun(NioEndpoint.java:1740) ~[tomcat-embed-core-10.1.40.jar!/:na]
	at org.apache.tomcat.util.net.SocketProcessorBase.run(SocketProcessorBase.java:52) ~[tomcat-embed-core-10.1.40.jar!/:na]
	at org.apache.tomcat.util.threads.ThreadPoolExecutor.runWorker(ThreadPoolExecutor.java:1189) ~[tomcat-embed-core-10.1.40.jar!/:na]
	at org.apache.tomcat.util.threads.ThreadPoolExecutor$Worker.run(ThreadPoolExecutor.java:658) ~[tomcat-embed-core-10.1.40.jar!/:na]
	at org.apache.tomcat.util.threads.TaskThread$WrappingRunnable.run(TaskThread.java:63) ~[tomcat-embed-core-10.1.40.jar!/:na]
	at java.base/java.lang.Thread.run(Thread.java:840) ~[na:na]

2026-04-24T13:13:01.482+08:00 TRACE 45844 --- [yujianghuai-boot] [io-18081-exec-1] o.s.s.w.s.HttpSessionRequestCache        : Did not save request since it did not match [And [Ant [pattern='/**', GET], Not [Ant [pattern='/**/favicon.*']], Not [MediaTypeRequestMatcher [contentNegotiationStrategy=org.springframework.web.accept.ContentNegotiationManager@24025990, matchingMediaTypes=[application/json], useEquals=false, ignoredMediaTypes=[*/*]]], Not [RequestHeaderRequestMatcher [expectedHeaderName=X-Requested-With, expectedHeaderValue=XMLHttpRequest]], Not [MediaTypeRequestMatcher [contentNegotiationStrategy=org.springframework.web.accept.ContentNegotiationManager@24025990, matchingMediaTypes=[multipart/form-data], useEquals=false, ignoredMediaTypes=[*/*]]], Not [MediaTypeRequestMatcher [contentNegotiationStrategy=org.springframework.web.accept.ContentNegotiationManager@24025990, matchingMediaTypes=[text/event-stream], useEquals=false, ignoredMediaTypes=[*/*]]]]]
2026-04-24T13:13:01.483+08:00 DEBUG 45844 --- [yujianghuai-boot] [io-18081-exec-1] s.w.a.DelegatingAuthenticationEntryPoint : Trying to match using And [Not [RequestHeaderRequestMatcher [expectedHeaderName=X-Requested-With, expectedHeaderValue=XMLHttpRequest]], MediaTypeRequestMatcher [contentNegotiationStrategy=org.springframework.web.accept.ContentNegotiationManager@24025990, matchingMediaTypes=[application/xhtml+xml, image/*, text/html, text/plain], useEquals=false, ignoredMediaTypes=[*/*]]]
2026-04-24T13:13:01.483+08:00 DEBUG 45844 --- [yujianghuai-boot] [io-18081-exec-1] s.w.a.DelegatingAuthenticationEntryPoint : Trying to match using Or [RequestHeaderRequestMatcher [expectedHeaderName=X-Requested-With, expectedHeaderValue=XMLHttpRequest], And [Not [MediaTypeRequestMatcher [contentNegotiationStrategy=org.springframework.web.accept.ContentNegotiationManager@24025990, matchingMediaTypes=[text/html], useEquals=false, ignoredMediaTypes=[]]], MediaTypeRequestMatcher [contentNegotiationStrategy=org.springframework.web.accept.ContentNegotiationManager@24025990, matchingMediaTypes=[application/atom+xml, application/x-www-form-urlencoded, application/json, application/octet-stream, application/xml, multipart/form-data, text/xml], useEquals=false, ignoredMediaTypes=[*/*]]], MediaTypeRequestMatcher [contentNegotiationStrategy=org.springframework.web.accept.ContentNegotiationManager@24025990, matchingMediaTypes=[*/*], useEquals=true, ignoredMediaTypes=[]]]
2026-04-24T13:13:01.484+08:00 DEBUG 45844 --- [yujianghuai-boot] [io-18081-exec-1] s.w.a.DelegatingAuthenticationEntryPoint : Match found! Executing org.springframework.security.web.authentication.DelegatingAuthenticationEntryPoint@3023f157
2026-04-24T13:13:01.484+08:00 DEBUG 45844 --- [yujianghuai-boot] [io-18081-exec-1] s.w.a.DelegatingAuthenticationEntryPoint : Trying to match using RequestHeaderRequestMatcher [expectedHeaderName=X-Requested-With, expectedHeaderValue=XMLHttpRequest]
2026-04-24T13:13:01.484+08:00 DEBUG 45844 --- [yujianghuai-boot] [io-18081-exec-1] s.w.a.DelegatingAuthenticationEntryPoint : No match found. Using default entry point org.springframework.security.web.authentication.www.BasicAuthenticationEntryPoint@381f169a
2026-04-24T13:13:06.277+08:00  WARN 45844 --- [yujianghuai-boot] [ntContainer#0-2] o.s.a.r.l.SimpleMessageListenerContainer : Consumer raised exception, processing can restart if the connection factory supports it. Exception summary: org.springframework.amqp.AmqpConnectException: java.net.ConnectException: Connection refused: getsockopt
2026-04-24T13:13:06.277+08:00  INFO 45844 --- [yujianghuai-boot] [ntContainer#0-2] o.s.a.r.l.SimpleMessageListenerContainer : Restarting Consumer@2b9a4362: tags=[[]], channel=null, acknowledgeMode=AUTO local queue size=0
2026-04-24T13:13:06.278+08:00  INFO 45844 --- [yujianghuai-boot] [ntContainer#0-3] o.s.a.r.c.CachingConnectionFactory       : Attempting to connect to: [127.0.0.1:5672]
2026-04-24T13:13:06.293+08:00 ERROR 45844 --- [yujianghuai-boot] [ntContainer#0-3] o.s.a.r.l.SimpleMessageListenerContainer : Failed to check/redeclare auto-delete queue(s).
2026-04-24T13:13:06.293+08:00  INFO 45844 --- [yujianghuai-boot] [ntContainer#0-3] o.s.a.r.c.CachingConnectionFactory       : Attempting to connect to: [127.0.0.1:5672]
2026-04-24T13:13:11.441+08:00  WARN 45844 --- [yujianghuai-boot] [ntContainer#0-3] o.s.a.r.l.SimpleMessageListenerContainer : Consumer raised exception, processing can restart if the connection factory supports it. Exception summary: org.springframework.amqp.AmqpConnectException: java.net.ConnectException: Connection refused: getsockopt
2026-04-24T13:13:11.442+08:00  INFO 45844 --- [yujianghuai-boot] [ntContainer#0-3] o.s.a.r.l.SimpleMessageListenerContainer : Restarting Consumer@2ad7e4b7: tags=[[]], channel=null, acknowledgeMode=AUTO local queue size=0
2026-04-24T13:13:11.443+08:00  INFO 45844 --- [yujianghuai-boot] [ntContainer#0-4] o.s.a.r.c.CachingConnectionFactory       : Attempting to connect to: [127.0.0.1:5672]
2026-04-24T13:13:11.456+08:00 ERROR 45844 --- [yujianghuai-boot] [ntContainer#0-4] o.s.a.r.l.SimpleMessageListenerContainer : Failed to check/redeclare auto-delete queue(s).
2026-04-24T13:13:11.457+08:00  INFO 45844 --- [yujianghuai-boot] [ntContainer#0-4] o.s.a.r.c.CachingConnectionFactory       : Attempting to connect to: [127.0.0.1:5672]
2026-04-24T13:13:16.601+08:00  WARN 45844 --- [yujianghuai-boot] [ntContainer#0-4] o.s.a.r.l.SimpleMessageListenerContainer : Consumer raised exception, processing can restart if the connection factory supports it. Exception summary: org.springframework.amqp.AmqpConnectException: java.net.ConnectException: Connection refused: getsockopt
2026-04-24T13:13:16.601+08:00  INFO 45844 --- [yujianghuai-boot] [ntContainer#0-4] o.s.a.r.l.SimpleMessageListenerContainer : Restarting Consumer@7ed2db3b: tags=[[]], channel=null, acknowledgeMode=AUTO local queue size=0
2026-04-24T13:13:16.602+08:00  INFO 45844 --- [yujianghuai-boot] [ntContainer#0-5] o.s.a.r.c.CachingConnectionFactory       : Attempting to connect to: [127.0.0.1:5672]
2026-04-24T13:13:16.617+08:00 ERROR 45844 --- [yujianghuai-boot] [ntContainer#0-5] o.s.a.r.l.SimpleMessageListenerContainer : Failed to check/redeclare auto-delete queue(s).
2026-04-24T13:13:16.618+08:00  INFO 45844 --- [yujianghuai-boot] [ntContainer#0-5] o.s.a.r.c.CachingConnectionFactory       : Attempting to connect to: [127.0.0.1:5672]
2026-04-24T13:13:21.785+08:00  WARN 45844 --- [yujianghuai-boot] [ntContainer#0-5] o.s.a.r.l.SimpleMessageListenerContainer : Consumer raised exception, processing can restart if the connection factory supports it. Exception summary: org.springframework.amqp.AmqpConnectException: java.net.ConnectException: Connection refused: getsockopt
2026-04-24T13:13:21.785+08:00  INFO 45844 --- [yujianghuai-boot] [ntContainer#0-5] o.s.a.r.l.SimpleMessageListenerContainer : Restarting Consumer@499e40f9: tags=[[]], channel=null, acknowledgeMode=AUTO local queue size=0
2026-04-24T13:13:21.786+08:00  INFO 45844 --- [yujianghuai-boot] [ntContainer#0-6] o.s.a.r.c.CachingConnectionFactory       : Attempting to connect to: [127.0.0.1:5672]
2026-04-24T13:13:21.797+08:00 ERROR 45844 --- [yujianghuai-boot] [ntContainer#0-6] o.s.a.r.l.SimpleMessageListenerContainer : Failed to check/redeclare auto-delete queue(s).
2026-04-24T13:13:21.797+08:00  INFO 45844 --- [yujianghuai-boot] [ntContainer#0-6] o.s.a.r.c.CachingConnectionFactory       : Attempting to connect to: [127.0.0.1:5672]
2026-04-24T13:13:26.824+08:00  WARN 45844 --- [yujianghuai-boot] [ntContainer#0-6] o.s.a.r.l.SimpleMessageListenerContainer : Consumer raised exception, processing can restart if the connection factory supports it. Exception summary: org.springframework.amqp.AmqpConnectException: java.net.ConnectException: Connection refused: getsockopt
2026-04-24T13:13:26.824+08:00  INFO 45844 --- [yujianghuai-boot] [ntContainer#0-6] o.s.a.r.l.SimpleMessageListenerContainer : Restarting Consumer@13ca87fa: tags=[[]], channel=null, acknowledgeMode=AUTO local queue size=0
2026-04-24T13:13:26.825+08:00  INFO 45844 --- [yujianghuai-boot] [ntContainer#0-7] o.s.a.r.c.CachingConnectionFactory       : Attempting to connect to: [127.0.0.1:5672]
2026-04-24T13:13:26.839+08:00 ERROR 45844 --- [yujianghuai-boot] [ntContainer#0-7] o.s.a.r.l.SimpleMessageListenerContainer : Failed to check/redeclare auto-delete queue(s).
2026-04-24T13:13:26.839+08:00  INFO 45844 --- [yujianghuai-boot] [ntContainer#0-7] o.s.a.r.c.CachingConnectionFactory       : Attempting to connect to: [127.0.0.1:5672]
2026-04-24T13:13:32.022+08:00  WARN 45844 --- [yujianghuai-boot] [ntContainer#0-7] o.s.a.r.l.SimpleMessageListenerContainer : Consumer raised exception, processing can restart if the connection factory supports it. Exception summary: org.springframework.amqp.AmqpConnectException: java.net.ConnectException: Connection refused: getsockopt
2026-04-24T13:13:32.023+08:00  INFO 45844 --- [yujianghuai-boot] [ntContainer#0-7] o.s.a.r.l.SimpleMessageListenerContainer : Restarting Consumer@5f97cdd5: tags=[[]], channel=null, acknowledgeMode=AUTO local queue size=0
2026-04-24T13:13:32.025+08:00  INFO 45844 --- [yujianghuai-boot] [ntContainer#0-8] o.s.a.r.c.CachingConnectionFactory       : Attempting to connect to: [127.0.0.1:5672]
2026-04-24T13:13:32.025+08:00 ERROR 45844 --- [yujianghuai-boot] [ntContainer#0-8] o.s.a.r.l.SimpleMessageListenerContainer : Failed to check/redeclare auto-delete queue(s).
2026-04-24T13:13:32.025+08:00  INFO 45844 --- [yujianghuai-boot] [ntContainer#0-8] o.s.a.r.c.CachingConnectionFactory       : Attempting to connect to: [127.0.0.1:5672]
2026-04-24T13:13:37.080+08:00  WARN 45844 --- [yujianghuai-boot] [ntContainer#0-8] o.s.a.r.l.SimpleMessageListenerContainer : Consumer raised exception, processing can restart if the connection factory supports it. Exception summary: org.springframework.amqp.AmqpConnectException: java.net.ConnectException: Connection refused: getsockopt
2026-04-24T13:13:37.080+08:00  INFO 45844 --- [yujianghuai-boot] [ntContainer#0-8] o.s.a.r.l.SimpleMessageListenerContainer : Restarting Consumer@20ac6726: tags=[[]], channel=null, acknowledgeMode=AUTO local queue size=0
2026-04-24T13:13:37.081+08:00  INFO 45844 --- [yujianghuai-boot] [ntContainer#0-9] o.s.a.r.c.CachingConnectionFactory       : Attempting to connect to: [127.0.0.1:5672]
2026-04-24T13:13:37.091+08:00 ERROR 45844 --- [yujianghuai-boot] [ntContainer#0-9] o.s.a.r.l.SimpleMessageListenerContainer : Failed to check/redeclare auto-delete queue(s).
2026-04-24T13:13:37.091+08:00  INFO 45844 --- [yujianghuai-boot] [ntContainer#0-9] o.s.a.r.c.CachingConnectionFactory       : Attempting to connect to: [127.0.0.1:5672]
2026-04-24T13:13:42.121+08:00  WARN 45844 --- [yujianghuai-boot] [ntContainer#0-9] o.s.a.r.l.SimpleMessageListenerContainer : Consumer raised exception, processing can restart if the connection factory supports it. Exception summary: org.springframework.amqp.AmqpConnectException: java.net.ConnectException: Connection refused: getsockopt
2026-04-24T13:13:42.122+08:00  INFO 45844 --- [yujianghuai-boot] [ntContainer#0-9] o.s.a.r.l.SimpleMessageListenerContainer : Restarting Consumer@3f35855b: tags=[[]], channel=null, acknowledgeMode=AUTO local queue size=0
2026-04-24T13:13:42.124+08:00  INFO 45844 --- [yujianghuai-boot] [tContainer#0-10] o.s.a.r.c.CachingConnectionFactory       : Attempting to connect to: [127.0.0.1:5672]
2026-04-24T13:13:42.125+08:00 ERROR 45844 --- [yujianghuai-boot] [tContainer#0-10] o.s.a.r.l.SimpleMessageListenerContainer : Failed to check/redeclare auto-delete queue(s).
2026-04-24T13:13:42.125+08:00  INFO 45844 --- [yujianghuai-boot] [tContainer#0-10] o.s.a.r.c.CachingConnectionFactory       : Attempting to connect to: [127.0.0.1:5672]
2026-04-24T13:13:47.291+08:00  WARN 45844 --- [yujianghuai-boot] [tContainer#0-10] o.s.a.r.l.SimpleMessageListenerContainer : Consumer raised exception, processing can restart if the connection factory supports it. Exception summary: org.springframework.amqp.AmqpConnectException: java.net.ConnectException: Connection refused: getsockopt
2026-04-24T13:13:47.291+08:00  INFO 45844 --- [yujianghuai-boot] [tContainer#0-10] o.s.a.r.l.SimpleMessageListenerContainer : Restarting Consumer@7dfdead6: tags=[[]], channel=null, acknowledgeMode=AUTO local queue size=0
2026-04-24T13:13:47.292+08:00  INFO 45844 --- [yujianghuai-boot] [tContainer#0-11] o.s.a.r.c.CachingConnectionFactory       : Attempting to connect to: [127.0.0.1:5672]
2026-04-24T13:13:47.308+08:00 ERROR 45844 --- [yujianghuai-boot] [tContainer#0-11] o.s.a.r.l.SimpleMessageListenerContainer : Failed to check/redeclare auto-delete queue(s).
2026-04-24T13:13:47.309+08:00  INFO 45844 --- [yujianghuai-boot] [tContainer#0-11] o.s.a.r.c.CachingConnectionFactory       : Attempting to connect to: [127.0.0.1:5672]
2026-04-24T13:13:52.476+08:00  WARN 45844 --- [yujianghuai-boot] [tContainer#0-11] o.s.a.r.l.SimpleMessageListenerContainer : Consumer raised exception, processing can restart if the connection factory supports it. Exception summary: org.springframework.amqp.AmqpConnectException: java.net.ConnectException: Connection refused: getsockopt
2026-04-24T13:13:52.478+08:00  INFO 45844 --- [yujianghuai-boot] [tContainer#0-11] o.s.a.r.l.SimpleMessageListenerContainer : Restarting Consumer@2057fc76: tags=[[]], channel=null, acknowledgeMode=AUTO local queue size=0
2026-04-24T13:13:52.479+08:00  INFO 45844 --- [yujianghuai-boot] [tContainer#0-12] o.s.a.r.c.CachingConnectionFactory       : Attempting to connect to: [127.0.0.1:5672]
2026-04-24T13:13:52.480+08:00 ERROR 45844 --- [yujianghuai-boot] [tContainer#0-12] o.s.a.r.l.SimpleMessageListenerContainer : Failed to check/redeclare auto-delete queue(s).
2026-04-24T13:13:52.480+08:00  INFO 45844 --- [yujianghuai-boot] [tContainer#0-12] o.s.a.r.c.CachingConnectionFactory       : Attempting to connect to: [127.0.0.1:5672]
2026-04-24T13:13:57.683+08:00  WARN 45844 --- [yujianghuai-boot] [tContainer#0-12] o.s.a.r.l.SimpleMessageListenerContainer : Consumer raised exception, processing can restart if the connection factory supports it. Exception summary: org.springframework.amqp.AmqpConnectException: java.net.ConnectException: Connection refused: getsockopt
2026-04-24T13:13:57.684+08:00  INFO 45844 --- [yujianghuai-boot] [tContainer#0-12] o.s.a.r.l.SimpleMessageListenerContainer : Restarting Consumer@1309acf5: tags=[[]], channel=null, acknowledgeMode=AUTO local queue size=0
2026-04-24T13:13:57.686+08:00  INFO 45844 --- [yujianghuai-boot] [tContainer#0-13] o.s.a.r.c.CachingConnectionFactory       : Attempting to connect to: [127.0.0.1:5672]
2026-04-24T13:13:57.688+08:00 ERROR 45844 --- [yujianghuai-boot] [tContainer#0-13] o.s.a.r.l.SimpleMessageListenerContainer : Failed to check/redeclare auto-delete queue(s).
2026-04-24T13:13:57.688+08:00  INFO 45844 --- [yujianghuai-boot] [tContainer#0-13] o.s.a.r.c.CachingConnectionFactory       : Attempting to connect to: [127.0.0.1:5672]
2026-04-24T13:14:02.712+08:00  WARN 45844 --- [yujianghuai-boot] [tContainer#0-13] o.s.a.r.l.SimpleMessageListenerContainer : Consumer raised exception, processing can restart if the connection factory supports it. Exception summary: org.springframework.amqp.AmqpConnectException: java.net.ConnectException: Connection refused: getsockopt
2026-04-24T13:14:02.713+08:00  INFO 45844 --- [yujianghuai-boot] [tContainer#0-13] o.s.a.r.l.SimpleMessageListenerContainer : Restarting Consumer@21576eed: tags=[[]], channel=null, acknowledgeMode=AUTO local queue size=0
2026-04-24T13:14:02.715+08:00  INFO 45844 --- [yujianghuai-boot] [tContainer#0-14] o.s.a.r.c.CachingConnectionFactory       : Attempting to connect to: [127.0.0.1:5672]
2026-04-24T13:14:02.718+08:00 ERROR 45844 --- [yujianghuai-boot] [tContainer#0-14] o.s.a.r.l.SimpleMessageListenerContainer : Failed to check/redeclare auto-delete queue(s).
2026-04-24T13:14:02.718+08:00  INFO 45844 --- [yujianghuai-boot] [tContainer#0-14] o.s.a.r.c.CachingConnectionFactory       : Attempting to connect to: [127.0.0.1:5672]
2026-04-24T13:14:07.892+08:00  WARN 45844 --- [yujianghuai-boot] [tContainer#0-14] o.s.a.r.l.SimpleMessageListenerContainer : Consumer raised exception, processing can restart if the connection factory supports it. Exception summary: org.springframework.amqp.AmqpConnectException: java.net.ConnectException: Connection refused: getsockopt
2026-04-24T13:14:07.893+08:00  INFO 45844 --- [yujianghuai-boot] [tContainer#0-14] o.s.a.r.l.SimpleMessageListenerContainer : Restarting Consumer@32cfc788: tags=[[]], channel=null, acknowledgeMode=AUTO local queue size=0
2026-04-24T13:14:07.895+08:00  INFO 45844 --- [yujianghuai-boot] [tContainer#0-15] o.s.a.r.c.CachingConnectionFactory       : Attempting to connect to: [127.0.0.1:5672]
2026-04-24T13:14:07.896+08:00 ERROR 45844 --- [yujianghuai-boot] [tContainer#0-15] o.s.a.r.l.SimpleMessageListenerContainer : Failed to check/redeclare auto-delete queue(s).
2026-04-24T13:14:07.896+08:00  INFO 45844 --- [yujianghuai-boot] [tContainer#0-15] o.s.a.r.c.CachingConnectionFactory       : Attempting to connect to: [127.0.0.1:5672]
2026-04-24T13:14:12.915+08:00  WARN 45844 --- [yujianghuai-boot] [tContainer#0-15] o.s.a.r.l.SimpleMessageListenerContainer : Consumer raised exception, processing can restart if the connection factory supports it. Exception summary: org.springframework.amqp.AmqpConnectException: java.net.ConnectException: Connection refused: getsockopt
2026-04-24T13:14:12.916+08:00  INFO 45844 --- [yujianghuai-boot] [tContainer#0-15] o.s.a.r.l.SimpleMessageListenerContainer : Restarting Consumer@6edd5353: tags=[[]], channel=null, acknowledgeMode=AUTO local queue size=0
2026-04-24T13:14:12.918+08:00  INFO 45844 --- [yujianghuai-boot] [tContainer#0-16] o.s.a.r.c.CachingConnectionFactory       : Attempting to connect to: [127.0.0.1:5672]
2026-04-24T13:14:12.919+08:00 ERROR 45844 --- [yujianghuai-boot] [tContainer#0-16] o.s.a.r.l.SimpleMessageListenerContainer : Failed to check/redeclare auto-delete queue(s).
2026-04-24T13:14:12.920+08:00  INFO 45844 --- [yujianghuai-boot] [tContainer#0-16] o.s.a.r.c.CachingConnectionFactory       : Attempting to connect to: [127.0.0.1:5672]
2026-04-24T13:14:17.927+08:00  WARN 45844 --- [yujianghuai-boot] [tContainer#0-16] o.s.a.r.l.SimpleMessageListenerContainer : Consumer raised exception, processing can restart if the connection factory supports it. Exception summary: org.springframework.amqp.AmqpConnectException: java.net.ConnectException: Connection refused: getsockopt
2026-04-24T13:14:17.928+08:00  INFO 45844 --- [yujianghuai-boot] [tContainer#0-16] o.s.a.r.l.SimpleMessageListenerContainer : Restarting Consumer@5d734fa9: tags=[[]], channel=null, acknowledgeMode=AUTO local queue size=0
2026-04-24T13:14:17.930+08:00  INFO 45844 --- [yujianghuai-boot] [tContainer#0-17] o.s.a.r.c.CachingConnectionFactory       : Attempting to connect to: [127.0.0.1:5672]
2026-04-24T13:14:17.942+08:00 ERROR 45844 --- [yujianghuai-boot] [tContainer#0-17] o.s.a.r.l.SimpleMessageListenerContainer : Failed to check/redeclare auto-delete queue(s).
2026-04-24T13:14:17.943+08:00  INFO 45844 --- [yujianghuai-boot] [tContainer#0-17] o.s.a.r.c.CachingConnectionFactory       : Attempting to connect to: [127.0.0.1:5672]
2026-04-24T13:14:22.999+08:00  WARN 45844 --- [yujianghuai-boot] [tContainer#0-17] o.s.a.r.l.SimpleMessageListenerContainer : Consumer raised exception, processing can restart if the connection factory supports it. Exception summary: org.springframework.amqp.AmqpConnectException: java.net.ConnectException: Connection refused: getsockopt
2026-04-24T13:14:23.000+08:00  INFO 45844 --- [yujianghuai-boot] [tContainer#0-17] o.s.a.r.l.SimpleMessageListenerContainer : Restarting Consumer@773b6dba: tags=[[]], channel=null, acknowledgeMode=AUTO local queue size=0
2026-04-24T13:14:23.001+08:00  INFO 45844 --- [yujianghuai-boot] [tContainer#0-18] o.s.a.r.c.CachingConnectionFactory       : Attempting to connect to: [127.0.0.1:5672]
2026-04-24T13:14:23.002+08:00 ERROR 45844 --- [yujianghuai-boot] [tContainer#0-18] o.s.a.r.l.SimpleMessageListenerContainer : Failed to check/redeclare auto-delete queue(s).
2026-04-24T13:14:23.003+08:00  INFO 45844 --- [yujianghuai-boot] [tContainer#0-18] o.s.a.r.c.CachingConnectionFactory       : Attempting to connect to: [127.0.0.1:5672]
2026-04-24T13:14:23.060+08:00 TRACE 45844 --- [yujianghuai-boot] [io-18081-exec-3] o.s.security.web.FilterChainProxy        : Trying to match request against DefaultSecurityFilterChain [RequestMatcher=any request, Filters=[org.springframework.security.web.session.DisableEncodeUrlFilter@3f8a5fc2, org.springframework.security.web.context.request.async.WebAsyncManagerIntegrationFilter@74693113, org.springframework.security.web.context.SecurityContextHolderFilter@117069f2, org.springframework.security.web.header.HeaderWriterFilter@51c6e775, org.springframework.security.web.csrf.CsrfFilter@3bbc47c9, org.springframework.security.web.authentication.logout.LogoutFilter@571c2ed8, org.springframework.security.web.authentication.UsernamePasswordAuthenticationFilter@aa794a3, org.springframework.security.web.authentication.ui.DefaultLoginPageGeneratingFilter@4f0c1409, org.springframework.security.web.authentication.ui.DefaultLogoutPageGeneratingFilter@4e7ada17, org.springframework.security.web.authentication.www.BasicAuthenticationFilter@301770d9, org.springframework.security.web.savedrequest.RequestCacheAwareFilter@2b82018, org.springframework.security.web.servletapi.SecurityContextHolderAwareRequestFilter@17034458, org.springframework.security.web.authentication.AnonymousAuthenticationFilter@67753669, org.springframework.security.web.access.ExceptionTranslationFilter@34ede267, org.springframework.security.web.access.intercept.AuthorizationFilter@7e63374b]] (1/1)
2026-04-24T13:14:23.061+08:00 DEBUG 45844 --- [yujianghuai-boot] [io-18081-exec-3] o.s.security.web.FilterChainProxy        : Securing POST /auth/login
2026-04-24T13:14:23.061+08:00 TRACE 45844 --- [yujianghuai-boot] [io-18081-exec-3] o.s.security.web.FilterChainProxy        : Invoking DisableEncodeUrlFilter (1/15)
2026-04-24T13:14:23.062+08:00 TRACE 45844 --- [yujianghuai-boot] [io-18081-exec-3] o.s.security.web.FilterChainProxy        : Invoking WebAsyncManagerIntegrationFilter (2/15)
2026-04-24T13:14:23.063+08:00 TRACE 45844 --- [yujianghuai-boot] [io-18081-exec-3] o.s.security.web.FilterChainProxy        : Invoking SecurityContextHolderFilter (3/15)
2026-04-24T13:14:23.064+08:00 TRACE 45844 --- [yujianghuai-boot] [io-18081-exec-3] o.s.security.web.FilterChainProxy        : Invoking HeaderWriterFilter (4/15)
2026-04-24T13:14:23.065+08:00 TRACE 45844 --- [yujianghuai-boot] [io-18081-exec-3] o.s.security.web.FilterChainProxy        : Invoking CsrfFilter (5/15)
2026-04-24T13:14:23.066+08:00 DEBUG 45844 --- [yujianghuai-boot] [io-18081-exec-3] o.s.security.web.csrf.CsrfFilter         : Invalid CSRF token found for http://127.0.0.1:18081/auth/login
2026-04-24T13:14:23.066+08:00 DEBUG 45844 --- [yujianghuai-boot] [io-18081-exec-3] o.s.s.w.access.AccessDeniedHandlerImpl   : Responding with 403 status code
2026-04-24T13:14:23.067+08:00 TRACE 45844 --- [yujianghuai-boot] [io-18081-exec-3] o.s.s.w.header.writers.HstsHeaderWriter  : Not injecting HSTS header since it did not match request to [Is Secure]
2026-04-24T13:14:23.068+08:00 TRACE 45844 --- [yujianghuai-boot] [io-18081-exec-3] o.s.security.web.FilterChainProxy        : Trying to match request against DefaultSecurityFilterChain [RequestMatcher=any request, Filters=[org.springframework.security.web.session.DisableEncodeUrlFilter@3f8a5fc2, org.springframework.security.web.context.request.async.WebAsyncManagerIntegrationFilter@74693113, org.springframework.security.web.context.SecurityContextHolderFilter@117069f2, org.springframework.security.web.header.HeaderWriterFilter@51c6e775, org.springframework.security.web.csrf.CsrfFilter@3bbc47c9, org.springframework.security.web.authentication.logout.LogoutFilter@571c2ed8, org.springframework.security.web.authentication.UsernamePasswordAuthenticationFilter@aa794a3, org.springframework.security.web.authentication.ui.DefaultLoginPageGeneratingFilter@4f0c1409, org.springframework.security.web.authentication.ui.DefaultLogoutPageGeneratingFilter@4e7ada17, org.springframework.security.web.authentication.www.BasicAuthenticationFilter@301770d9, org.springframework.security.web.savedrequest.RequestCacheAwareFilter@2b82018, org.springframework.security.web.servletapi.SecurityContextHolderAwareRequestFilter@17034458, org.springframework.security.web.authentication.AnonymousAuthenticationFilter@67753669, org.springframework.security.web.access.ExceptionTranslationFilter@34ede267, org.springframework.security.web.access.intercept.AuthorizationFilter@7e63374b]] (1/1)
2026-04-24T13:14:23.069+08:00 DEBUG 45844 --- [yujianghuai-boot] [io-18081-exec-3] o.s.security.web.FilterChainProxy        : Securing POST /error
2026-04-24T13:14:23.069+08:00 TRACE 45844 --- [yujianghuai-boot] [io-18081-exec-3] o.s.security.web.FilterChainProxy        : Invoking DisableEncodeUrlFilter (1/15)
2026-04-24T13:14:23.070+08:00 TRACE 45844 --- [yujianghuai-boot] [io-18081-exec-3] o.s.security.web.FilterChainProxy        : Invoking WebAsyncManagerIntegrationFilter (2/15)
2026-04-24T13:14:23.070+08:00 TRACE 45844 --- [yujianghuai-boot] [io-18081-exec-3] o.s.security.web.FilterChainProxy        : Invoking SecurityContextHolderFilter (3/15)
2026-04-24T13:14:23.070+08:00 TRACE 45844 --- [yujianghuai-boot] [io-18081-exec-3] o.s.security.web.FilterChainProxy        : Invoking HeaderWriterFilter (4/15)
2026-04-24T13:14:23.071+08:00 TRACE 45844 --- [yujianghuai-boot] [io-18081-exec-3] o.s.security.web.FilterChainProxy        : Invoking CsrfFilter (5/15)
2026-04-24T13:14:23.071+08:00 TRACE 45844 --- [yujianghuai-boot] [io-18081-exec-3] o.s.security.web.FilterChainProxy        : Invoking LogoutFilter (6/15)
2026-04-24T13:14:23.071+08:00 TRACE 45844 --- [yujianghuai-boot] [io-18081-exec-3] o.s.s.w.a.logout.LogoutFilter            : Did not match request to Ant [pattern='/logout', POST]
2026-04-24T13:14:23.071+08:00 TRACE 45844 --- [yujianghuai-boot] [io-18081-exec-3] o.s.security.web.FilterChainProxy        : Invoking UsernamePasswordAuthenticationFilter (7/15)
2026-04-24T13:14:23.072+08:00 TRACE 45844 --- [yujianghuai-boot] [io-18081-exec-3] w.a.UsernamePasswordAuthenticationFilter : Did not match request to Ant [pattern='/login', POST]
2026-04-24T13:14:23.072+08:00 TRACE 45844 --- [yujianghuai-boot] [io-18081-exec-3] o.s.security.web.FilterChainProxy        : Invoking DefaultLoginPageGeneratingFilter (8/15)
2026-04-24T13:14:23.072+08:00 TRACE 45844 --- [yujianghuai-boot] [io-18081-exec-3] o.s.security.web.FilterChainProxy        : Invoking DefaultLogoutPageGeneratingFilter (9/15)
2026-04-24T13:14:23.072+08:00 TRACE 45844 --- [yujianghuai-boot] [io-18081-exec-3] o.s.security.web.FilterChainProxy        : Invoking BasicAuthenticationFilter (10/15)
2026-04-24T13:14:23.073+08:00 TRACE 45844 --- [yujianghuai-boot] [io-18081-exec-3] o.s.security.web.FilterChainProxy        : Invoking RequestCacheAwareFilter (11/15)
2026-04-24T13:14:23.073+08:00 TRACE 45844 --- [yujianghuai-boot] [io-18081-exec-3] o.s.s.w.s.HttpSessionRequestCache        : matchingRequestParameterName is required for getMatchingRequest to lookup a value, but not provided
2026-04-24T13:14:23.073+08:00 TRACE 45844 --- [yujianghuai-boot] [io-18081-exec-3] o.s.security.web.FilterChainProxy        : Invoking SecurityContextHolderAwareRequestFilter (12/15)
2026-04-24T13:14:23.073+08:00 TRACE 45844 --- [yujianghuai-boot] [io-18081-exec-3] o.s.security.web.FilterChainProxy        : Invoking AnonymousAuthenticationFilter (13/15)
2026-04-24T13:14:23.074+08:00 TRACE 45844 --- [yujianghuai-boot] [io-18081-exec-3] o.s.security.web.FilterChainProxy        : Invoking ExceptionTranslationFilter (14/15)
2026-04-24T13:14:23.074+08:00 TRACE 45844 --- [yujianghuai-boot] [io-18081-exec-3] o.s.security.web.FilterChainProxy        : Invoking AuthorizationFilter (15/15)
2026-04-24T13:14:23.075+08:00 TRACE 45844 --- [yujianghuai-boot] [io-18081-exec-3] estMatcherDelegatingAuthorizationManager : Authorizing POST /error
2026-04-24T13:14:23.076+08:00 TRACE 45844 --- [yujianghuai-boot] [io-18081-exec-3] estMatcherDelegatingAuthorizationManager : Checking authorization on POST /error using org.springframework.security.authorization.AuthenticatedAuthorizationManager@38a60a0
2026-04-24T13:14:23.077+08:00 TRACE 45844 --- [yujianghuai-boot] [io-18081-exec-3] w.c.HttpSessionSecurityContextRepository : Did not find SecurityContext in HttpSession 06544A7F761AD255F90D5A7C47E95BFA using the SPRING_SECURITY_CONTEXT session attribute
2026-04-24T13:14:23.079+08:00 TRACE 45844 --- [yujianghuai-boot] [io-18081-exec-3] .s.s.w.c.SupplierDeferredSecurityContext : Created SecurityContextImpl [Null authentication]
2026-04-24T13:14:23.079+08:00 TRACE 45844 --- [yujianghuai-boot] [io-18081-exec-3] .s.s.w.c.SupplierDeferredSecurityContext : Created SecurityContextImpl [Null authentication]
2026-04-24T13:14:23.080+08:00 TRACE 45844 --- [yujianghuai-boot] [io-18081-exec-3] o.s.s.w.a.AnonymousAuthenticationFilter  : Set SecurityContextHolder to AnonymousAuthenticationToken [Principal=anonymousUser, Credentials=[PROTECTED], Authenticated=true, Details=WebAuthenticationDetails [RemoteIpAddress=127.0.0.1, SessionId=06544A7F761AD255F90D5A7C47E95BFA], Granted Authorities=[ROLE_ANONYMOUS]]
2026-04-24T13:14:23.080+08:00 TRACE 45844 --- [yujianghuai-boot] [io-18081-exec-3] o.s.s.w.a.ExceptionTranslationFilter     : Sending AnonymousAuthenticationToken [Principal=anonymousUser, Credentials=[PROTECTED], Authenticated=true, Details=WebAuthenticationDetails [RemoteIpAddress=127.0.0.1, SessionId=06544A7F761AD255F90D5A7C47E95BFA], Granted Authorities=[ROLE_ANONYMOUS]] to authentication entry point since access is denied

org.springframework.security.access.AccessDeniedException: Access Denied
	at org.springframework.security.web.access.intercept.AuthorizationFilter.doFilter(AuthorizationFilter.java:98) ~[spring-security-web-6.3.9.jar!/:6.3.9]
	at org.springframework.security.web.FilterChainProxy$VirtualFilterChain.doFilter(FilterChainProxy.java:374) ~[spring-security-web-6.3.9.jar!/:6.3.9]
	at org.springframework.security.web.access.ExceptionTranslationFilter.doFilter(ExceptionTranslationFilter.java:126) ~[spring-security-web-6.3.9.jar!/:6.3.9]
	at org.springframework.security.web.access.ExceptionTranslationFilter.doFilter(ExceptionTranslationFilter.java:120) ~[spring-security-web-6.3.9.jar!/:6.3.9]
	at org.springframework.security.web.FilterChainProxy$VirtualFilterChain.doFilter(FilterChainProxy.java:374) ~[spring-security-web-6.3.9.jar!/:6.3.9]
	at org.springframework.security.web.authentication.AnonymousAuthenticationFilter.doFilter(AnonymousAuthenticationFilter.java:100) ~[spring-security-web-6.3.9.jar!/:6.3.9]
	at org.springframework.security.web.FilterChainProxy$VirtualFilterChain.doFilter(FilterChainProxy.java:374) ~[spring-security-web-6.3.9.jar!/:6.3.9]
	at org.springframework.security.web.servletapi.SecurityContextHolderAwareRequestFilter.doFilter(SecurityContextHolderAwareRequestFilter.java:179) ~[spring-security-web-6.3.9.jar!/:6.3.9]
	at org.springframework.security.web.FilterChainProxy$VirtualFilterChain.doFilter(FilterChainProxy.java:374) ~[spring-security-web-6.3.9.jar!/:6.3.9]
	at org.springframework.security.web.savedrequest.RequestCacheAwareFilter.doFilter(RequestCacheAwareFilter.java:63) ~[spring-security-web-6.3.9.jar!/:6.3.9]
	at org.springframework.security.web.FilterChainProxy$VirtualFilterChain.doFilter(FilterChainProxy.java:374) ~[spring-security-web-6.3.9.jar!/:6.3.9]
	at org.springframework.web.filter.OncePerRequestFilter.doFilter(OncePerRequestFilter.java:101) ~[spring-web-6.1.19.jar!/:6.1.19]
	at org.springframework.security.web.FilterChainProxy$VirtualFilterChain.doFilter(FilterChainProxy.java:374) ~[spring-security-web-6.3.9.jar!/:6.3.9]
	at org.springframework.web.filter.OncePerRequestFilter.doFilter(OncePerRequestFilter.java:101) ~[spring-web-6.1.19.jar!/:6.1.19]
	at org.springframework.security.web.FilterChainProxy$VirtualFilterChain.doFilter(FilterChainProxy.java:374) ~[spring-security-web-6.3.9.jar!/:6.3.9]
	at org.springframework.security.web.authentication.ui.DefaultLoginPageGeneratingFilter.doFilter(DefaultLoginPageGeneratingFilter.java:189) ~[spring-security-web-6.3.9.jar!/:6.3.9]
	at org.springframework.security.web.authentication.ui.DefaultLoginPageGeneratingFilter.doFilter(DefaultLoginPageGeneratingFilter.java:175) ~[spring-security-web-6.3.9.jar!/:6.3.9]
	at org.springframework.security.web.FilterChainProxy$VirtualFilterChain.doFilter(FilterChainProxy.java:374) ~[spring-security-web-6.3.9.jar!/:6.3.9]
	at org.springframework.security.web.authentication.AbstractAuthenticationProcessingFilter.doFilter(AbstractAuthenticationProcessingFilter.java:227) ~[spring-security-web-6.3.9.jar!/:6.3.9]
	at org.springframework.security.web.authentication.AbstractAuthenticationProcessingFilter.doFilter(AbstractAuthenticationProcessingFilter.java:221) ~[spring-security-web-6.3.9.jar!/:6.3.9]
	at org.springframework.security.web.FilterChainProxy$VirtualFilterChain.doFilter(FilterChainProxy.java:374) ~[spring-security-web-6.3.9.jar!/:6.3.9]
	at org.springframework.security.web.authentication.logout.LogoutFilter.doFilter(LogoutFilter.java:107) ~[spring-security-web-6.3.9.jar!/:6.3.9]
	at org.springframework.security.web.authentication.logout.LogoutFilter.doFilter(LogoutFilter.java:93) ~[spring-security-web-6.3.9.jar!/:6.3.9]
	at org.springframework.security.web.FilterChainProxy$VirtualFilterChain.doFilter(FilterChainProxy.java:374) ~[spring-security-web-6.3.9.jar!/:6.3.9]
	at org.springframework.web.filter.OncePerRequestFilter.doFilter(OncePerRequestFilter.java:101) ~[spring-web-6.1.19.jar!/:6.1.19]
	at org.springframework.security.web.FilterChainProxy$VirtualFilterChain.doFilter(FilterChainProxy.java:374) ~[spring-security-web-6.3.9.jar!/:6.3.9]
	at org.springframework.web.filter.OncePerRequestFilter.doFilter(OncePerRequestFilter.java:101) ~[spring-web-6.1.19.jar!/:6.1.19]
	at org.springframework.security.web.FilterChainProxy$VirtualFilterChain.doFilter(FilterChainProxy.java:374) ~[spring-security-web-6.3.9.jar!/:6.3.9]
	at org.springframework.security.web.context.SecurityContextHolderFilter.doFilter(SecurityContextHolderFilter.java:82) ~[spring-security-web-6.3.9.jar!/:6.3.9]
	at org.springframework.security.web.context.SecurityContextHolderFilter.doFilter(SecurityContextHolderFilter.java:69) ~[spring-security-web-6.3.9.jar!/:6.3.9]
	at org.springframework.security.web.FilterChainProxy$VirtualFilterChain.doFilter(FilterChainProxy.java:374) ~[spring-security-web-6.3.9.jar!/:6.3.9]
	at org.springframework.web.filter.OncePerRequestFilter.doFilter(OncePerRequestFilter.java:101) ~[spring-web-6.1.19.jar!/:6.1.19]
	at org.springframework.security.web.FilterChainProxy$VirtualFilterChain.doFilter(FilterChainProxy.java:374) ~[spring-security-web-6.3.9.jar!/:6.3.9]
	at org.springframework.web.filter.OncePerRequestFilter.doFilter(OncePerRequestFilter.java:101) ~[spring-web-6.1.19.jar!/:6.1.19]
	at org.springframework.security.web.FilterChainProxy$VirtualFilterChain.doFilter(FilterChainProxy.java:374) ~[spring-security-web-6.3.9.jar!/:6.3.9]
	at org.springframework.security.web.FilterChainProxy.doFilterInternal(FilterChainProxy.java:233) ~[spring-security-web-6.3.9.jar!/:6.3.9]
	at org.springframework.security.web.FilterChainProxy.doFilter(FilterChainProxy.java:191) ~[spring-security-web-6.3.9.jar!/:6.3.9]
	at org.springframework.web.filter.CompositeFilter$VirtualFilterChain.doFilter(CompositeFilter.java:113) ~[spring-web-6.1.19.jar!/:6.1.19]
	at org.springframework.web.servlet.handler.HandlerMappingIntrospector.lambda$createCacheFilter$3(HandlerMappingIntrospector.java:195) ~[spring-webmvc-6.1.19.jar!/:6.1.19]
	at org.springframework.web.filter.CompositeFilter$VirtualFilterChain.doFilter(CompositeFilter.java:113) ~[spring-web-6.1.19.jar!/:6.1.19]
	at org.springframework.web.filter.CompositeFilter.doFilter(CompositeFilter.java:74) ~[spring-web-6.1.19.jar!/:6.1.19]
	at org.springframework.security.config.annotation.web.configuration.WebMvcSecurityConfiguration$CompositeFilterChainProxy.doFilter(WebMvcSecurityConfiguration.java:230) ~[spring-security-config-6.3.9.jar!/:6.3.9]
	at org.springframework.web.filter.DelegatingFilterProxy.invokeDelegate(DelegatingFilterProxy.java:362) ~[spring-web-6.1.19.jar!/:6.1.19]
	at org.springframework.web.filter.DelegatingFilterProxy.doFilter(DelegatingFilterProxy.java:278) ~[spring-web-6.1.19.jar!/:6.1.19]
	at org.apache.catalina.core.ApplicationFilterChain.internalDoFilter(ApplicationFilterChain.java:164) ~[tomcat-embed-core-10.1.40.jar!/:na]
	at org.apache.catalina.core.ApplicationFilterChain.doFilter(ApplicationFilterChain.java:140) ~[tomcat-embed-core-10.1.40.jar!/:na]
	at org.springframework.web.filter.RequestContextFilter.doFilterInternal(RequestContextFilter.java:100) ~[spring-web-6.1.19.jar!/:6.1.19]
	at org.springframework.web.filter.OncePerRequestFilter.doFilter(OncePerRequestFilter.java:116) ~[spring-web-6.1.19.jar!/:6.1.19]
	at org.apache.catalina.core.ApplicationFilterChain.internalDoFilter(ApplicationFilterChain.java:164) ~[tomcat-embed-core-10.1.40.jar!/:na]
	at org.apache.catalina.core.ApplicationFilterChain.doFilter(ApplicationFilterChain.java:140) ~[tomcat-embed-core-10.1.40.jar!/:na]
	at org.springframework.web.filter.OncePerRequestFilter.doFilter(OncePerRequestFilter.java:101) ~[spring-web-6.1.19.jar!/:6.1.19]
	at org.apache.catalina.core.ApplicationFilterChain.internalDoFilter(ApplicationFilterChain.java:164) ~[tomcat-embed-core-10.1.40.jar!/:na]
	at org.apache.catalina.core.ApplicationFilterChain.doFilter(ApplicationFilterChain.java:140) ~[tomcat-embed-core-10.1.40.jar!/:na]
	at org.springframework.web.filter.OncePerRequestFilter.doFilter(OncePerRequestFilter.java:101) ~[spring-web-6.1.19.jar!/:6.1.19]
	at org.apache.catalina.core.ApplicationFilterChain.internalDoFilter(ApplicationFilterChain.java:164) ~[tomcat-embed-core-10.1.40.jar!/:na]
	at org.apache.catalina.core.ApplicationFilterChain.doFilter(ApplicationFilterChain.java:140) ~[tomcat-embed-core-10.1.40.jar!/:na]
	at org.apache.catalina.core.ApplicationDispatcher.invoke(ApplicationDispatcher.java:612) ~[tomcat-embed-core-10.1.40.jar!/:na]
	at org.apache.catalina.core.ApplicationDispatcher.processRequest(ApplicationDispatcher.java:396) ~[tomcat-embed-core-10.1.40.jar!/:na]
	at org.apache.catalina.core.ApplicationDispatcher.doForward(ApplicationDispatcher.java:323) ~[tomcat-embed-core-10.1.40.jar!/:na]
	at org.apache.catalina.core.ApplicationDispatcher.forward(ApplicationDispatcher.java:268) ~[tomcat-embed-core-10.1.40.jar!/:na]
	at org.apache.catalina.core.StandardHostValve.custom(StandardHostValve.java:377) ~[tomcat-embed-core-10.1.40.jar!/:na]
	at org.apache.catalina.core.StandardHostValve.status(StandardHostValve.java:209) ~[tomcat-embed-core-10.1.40.jar!/:na]
	at org.apache.catalina.core.StandardHostValve.invoke(StandardHostValve.java:152) ~[tomcat-embed-core-10.1.40.jar!/:na]
	at org.apache.catalina.valves.ErrorReportValve.invoke(ErrorReportValve.java:93) ~[tomcat-embed-core-10.1.40.jar!/:na]
	at org.apache.catalina.core.StandardEngineValve.invoke(StandardEngineValve.java:74) ~[tomcat-embed-core-10.1.40.jar!/:na]
	at org.apache.catalina.connector.CoyoteAdapter.service(CoyoteAdapter.java:344) ~[tomcat-embed-core-10.1.40.jar!/:na]
	at org.apache.coyote.http11.Http11Processor.service(Http11Processor.java:398) ~[tomcat-embed-core-10.1.40.jar!/:na]
	at org.apache.coyote.AbstractProcessorLight.process(AbstractProcessorLight.java:63) ~[tomcat-embed-core-10.1.40.jar!/:na]
	at org.apache.coyote.AbstractProtocol$ConnectionHandler.process(AbstractProtocol.java:903) ~[tomcat-embed-core-10.1.40.jar!/:na]
	at org.apache.tomcat.util.net.NioEndpoint$SocketProcessor.doRun(NioEndpoint.java:1740) ~[tomcat-embed-core-10.1.40.jar!/:na]
	at org.apache.tomcat.util.net.SocketProcessorBase.run(SocketProcessorBase.java:52) ~[tomcat-embed-core-10.1.40.jar!/:na]
	at org.apache.tomcat.util.threads.ThreadPoolExecutor.runWorker(ThreadPoolExecutor.java:1189) ~[tomcat-embed-core-10.1.40.jar!/:na]
	at org.apache.tomcat.util.threads.ThreadPoolExecutor$Worker.run(ThreadPoolExecutor.java:658) ~[tomcat-embed-core-10.1.40.jar!/:na]
	at org.apache.tomcat.util.threads.TaskThread$WrappingRunnable.run(TaskThread.java:63) ~[tomcat-embed-core-10.1.40.jar!/:na]
	at java.base/java.lang.Thread.run(Thread.java:840) ~[na:na]

2026-04-24T13:14:23.081+08:00 TRACE 45844 --- [yujianghuai-boot] [io-18081-exec-3] o.s.s.w.s.HttpSessionRequestCache        : Did not save request since it did not match [And [Ant [pattern='/**', GET], Not [Ant [pattern='/**/favicon.*']], Not [MediaTypeRequestMatcher [contentNegotiationStrategy=org.springframework.web.accept.ContentNegotiationManager@24025990, matchingMediaTypes=[application/json], useEquals=false, ignoredMediaTypes=[*/*]]], Not [RequestHeaderRequestMatcher [expectedHeaderName=X-Requested-With, expectedHeaderValue=XMLHttpRequest]], Not [MediaTypeRequestMatcher [contentNegotiationStrategy=org.springframework.web.accept.ContentNegotiationManager@24025990, matchingMediaTypes=[multipart/form-data], useEquals=false, ignoredMediaTypes=[*/*]]], Not [MediaTypeRequestMatcher [contentNegotiationStrategy=org.springframework.web.accept.ContentNegotiationManager@24025990, matchingMediaTypes=[text/event-stream], useEquals=false, ignoredMediaTypes=[*/*]]]]]
2026-04-24T13:14:23.082+08:00 DEBUG 45844 --- [yujianghuai-boot] [io-18081-exec-3] s.w.a.DelegatingAuthenticationEntryPoint : Trying to match using And [Not [RequestHeaderRequestMatcher [expectedHeaderName=X-Requested-With, expectedHeaderValue=XMLHttpRequest]], MediaTypeRequestMatcher [contentNegotiationStrategy=org.springframework.web.accept.ContentNegotiationManager@24025990, matchingMediaTypes=[application/xhtml+xml, image/*, text/html, text/plain], useEquals=false, ignoredMediaTypes=[*/*]]]
2026-04-24T13:14:23.083+08:00 DEBUG 45844 --- [yujianghuai-boot] [io-18081-exec-3] s.w.a.DelegatingAuthenticationEntryPoint : Trying to match using Or [RequestHeaderRequestMatcher [expectedHeaderName=X-Requested-With, expectedHeaderValue=XMLHttpRequest], And [Not [MediaTypeRequestMatcher [contentNegotiationStrategy=org.springframework.web.accept.ContentNegotiationManager@24025990, matchingMediaTypes=[text/html], useEquals=false, ignoredMediaTypes=[]]], MediaTypeRequestMatcher [contentNegotiationStrategy=org.springframework.web.accept.ContentNegotiationManager@24025990, matchingMediaTypes=[application/atom+xml, application/x-www-form-urlencoded, application/json, application/octet-stream, application/xml, multipart/form-data, text/xml], useEquals=false, ignoredMediaTypes=[*/*]]], MediaTypeRequestMatcher [contentNegotiationStrategy=org.springframework.web.accept.ContentNegotiationManager@24025990, matchingMediaTypes=[*/*], useEquals=true, ignoredMediaTypes=[]]]
2026-04-24T13:14:23.085+08:00 DEBUG 45844 --- [yujianghuai-boot] [io-18081-exec-3] s.w.a.DelegatingAuthenticationEntryPoint : Match found! Executing org.springframework.security.web.authentication.DelegatingAuthenticationEntryPoint@3023f157
2026-04-24T13:14:23.086+08:00 DEBUG 45844 --- [yujianghuai-boot] [io-18081-exec-3] s.w.a.DelegatingAuthenticationEntryPoint : Trying to match using RequestHeaderRequestMatcher [expectedHeaderName=X-Requested-With, expectedHeaderValue=XMLHttpRequest]
2026-04-24T13:14:23.086+08:00 DEBUG 45844 --- [yujianghuai-boot] [io-18081-exec-3] s.w.a.DelegatingAuthenticationEntryPoint : No match found. Using default entry point org.springframework.security.web.authentication.www.BasicAuthenticationEntryPoint@381f169a
2026-04-24T13:14:28.174+08:00  WARN 45844 --- [yujianghuai-boot] [tContainer#0-18] o.s.a.r.l.SimpleMessageListenerContainer : Consumer raised exception, processing can restart if the connection factory supports it. Exception summary: org.springframework.amqp.AmqpConnectException: java.net.ConnectException: Connection refused: getsockopt
2026-04-24T13:14:28.175+08:00  INFO 45844 --- [yujianghuai-boot] [tContainer#0-18] o.s.a.r.l.SimpleMessageListenerContainer : Restarting Consumer@a2e8b05: tags=[[]], channel=null, acknowledgeMode=AUTO local queue size=0
2026-04-24T13:14:28.177+08:00  INFO 45844 --- [yujianghuai-boot] [tContainer#0-19] o.s.a.r.c.CachingConnectionFactory       : Attempting to connect to: [127.0.0.1:5672]
2026-04-24T13:14:28.179+08:00 ERROR 45844 --- [yujianghuai-boot] [tContainer#0-19] o.s.a.r.l.SimpleMessageListenerContainer : Failed to check/redeclare auto-delete queue(s).
2026-04-24T13:14:28.179+08:00  INFO 45844 --- [yujianghuai-boot] [tContainer#0-19] o.s.a.r.c.CachingConnectionFactory       : Attempting to connect to: [127.0.0.1:5672]
2026-04-24T13:14:33.338+08:00  WARN 45844 --- [yujianghuai-boot] [tContainer#0-19] o.s.a.r.l.SimpleMessageListenerContainer : Consumer raised exception, processing can restart if the connection factory supports it. Exception summary: org.springframework.amqp.AmqpConnectException: java.net.ConnectException: Connection refused: getsockopt
2026-04-24T13:14:33.342+08:00  INFO 45844 --- [yujianghuai-boot] [tContainer#0-19] o.s.a.r.l.SimpleMessageListenerContainer : Restarting Consumer@51019c2f: tags=[[]], channel=null, acknowledgeMode=AUTO local queue size=0
2026-04-24T13:14:33.344+08:00  INFO 45844 --- [yujianghuai-boot] [tContainer#0-20] o.s.a.r.c.CachingConnectionFactory       : Attempting to connect to: [127.0.0.1:5672]
2026-04-24T13:14:33.345+08:00 ERROR 45844 --- [yujianghuai-boot] [tContainer#0-20] o.s.a.r.l.SimpleMessageListenerContainer : Failed to check/redeclare auto-delete queue(s).
2026-04-24T13:14:33.347+08:00  INFO 45844 --- [yujianghuai-boot] [tContainer#0-20] o.s.a.r.c.CachingConnectionFactory       : Attempting to connect to: [127.0.0.1:5672]
2026-04-24T13:14:38.522+08:00  WARN 45844 --- [yujianghuai-boot] [tContainer#0-20] o.s.a.r.l.SimpleMessageListenerContainer : Consumer raised exception, processing can restart if the connection factory supports it. Exception summary: org.springframework.amqp.AmqpConnectException: java.net.ConnectException: Connection refused: getsockopt
2026-04-24T13:14:38.524+08:00  INFO 45844 --- [yujianghuai-boot] [tContainer#0-20] o.s.a.r.l.SimpleMessageListenerContainer : Restarting Consumer@66cdd65c: tags=[[]], channel=null, acknowledgeMode=AUTO local queue size=0
2026-04-24T13:14:38.526+08:00  INFO 45844 --- [yujianghuai-boot] [tContainer#0-21] o.s.a.r.c.CachingConnectionFactory       : Attempting to connect to: [127.0.0.1:5672]
2026-04-24T13:14:38.528+08:00 ERROR 45844 --- [yujianghuai-boot] [tContainer#0-21] o.s.a.r.l.SimpleMessageListenerContainer : Failed to check/redeclare auto-delete queue(s).
2026-04-24T13:14:38.528+08:00  INFO 45844 --- [yujianghuai-boot] [tContainer#0-21] o.s.a.r.c.CachingConnectionFactory       : Attempting to connect to: [127.0.0.1:5672]
2026-04-24T13:14:43.693+08:00  WARN 45844 --- [yujianghuai-boot] [tContainer#0-21] o.s.a.r.l.SimpleMessageListenerContainer : Consumer raised exception, processing can restart if the connection factory supports it. Exception summary: org.springframework.amqp.AmqpConnectException: java.net.ConnectException: Connection refused: getsockopt
2026-04-24T13:14:43.698+08:00  INFO 45844 --- [yujianghuai-boot] [tContainer#0-21] o.s.a.r.l.SimpleMessageListenerContainer : Restarting Consumer@24c2da06: tags=[[]], channel=null, acknowledgeMode=AUTO local queue size=0
2026-04-24T13:14:43.699+08:00  INFO 45844 --- [yujianghuai-boot] [tContainer#0-22] o.s.a.r.c.CachingConnectionFactory       : Attempting to connect to: [127.0.0.1:5672]
2026-04-24T13:14:43.723+08:00 ERROR 45844 --- [yujianghuai-boot] [tContainer#0-22] o.s.a.r.l.SimpleMessageListenerContainer : Failed to check/redeclare auto-delete queue(s).
2026-04-24T13:14:43.724+08:00  INFO 45844 --- [yujianghuai-boot] [tContainer#0-22] o.s.a.r.c.CachingConnectionFactory       : Attempting to connect to: [127.0.0.1:5672]
2026-04-24T13:14:48.885+08:00  WARN 45844 --- [yujianghuai-boot] [tContainer#0-22] o.s.a.r.l.SimpleMessageListenerContainer : Consumer raised exception, processing can restart if the connection factory supports it. Exception summary: org.springframework.amqp.AmqpConnectException: java.net.ConnectException: Connection refused: getsockopt
2026-04-24T13:14:48.886+08:00  INFO 45844 --- [yujianghuai-boot] [tContainer#0-22] o.s.a.r.l.SimpleMessageListenerContainer : Restarting Consumer@2bf65bd: tags=[[]], channel=null, acknowledgeMode=AUTO local queue size=0
2026-04-24T13:14:48.888+08:00  INFO 45844 --- [yujianghuai-boot] [tContainer#0-23] o.s.a.r.c.CachingConnectionFactory       : Attempting to connect to: [127.0.0.1:5672]
2026-04-24T13:14:48.901+08:00 ERROR 45844 --- [yujianghuai-boot] [tContainer#0-23] o.s.a.r.l.SimpleMessageListenerContainer : Failed to check/redeclare auto-delete queue(s).
2026-04-24T13:14:48.902+08:00  INFO 45844 --- [yujianghuai-boot] [tContainer#0-23] o.s.a.r.c.CachingConnectionFactory       : Attempting to connect to: [127.0.0.1:5672]
2026-04-24T13:14:54.089+08:00  WARN 45844 --- [yujianghuai-boot] [tContainer#0-23] o.s.a.r.l.SimpleMessageListenerContainer : Consumer raised exception, processing can restart if the connection factory supports it. Exception summary: org.springframework.amqp.AmqpConnectException: java.net.ConnectException: Connection refused: getsockopt
2026-04-24T13:14:54.090+08:00  INFO 45844 --- [yujianghuai-boot] [tContainer#0-23] o.s.a.r.l.SimpleMessageListenerContainer : Restarting Consumer@14f4cea3: tags=[[]], channel=null, acknowledgeMode=AUTO local queue size=0
2026-04-24T13:14:54.093+08:00  INFO 45844 --- [yujianghuai-boot] [tContainer#0-24] o.s.a.r.c.CachingConnectionFactory       : Attempting to connect to: [127.0.0.1:5672]
2026-04-24T13:14:54.095+08:00 ERROR 45844 --- [yujianghuai-boot] [tContainer#0-24] o.s.a.r.l.SimpleMessageListenerContainer : Failed to check/redeclare auto-delete queue(s).
2026-04-24T13:14:54.099+08:00  INFO 45844 --- [yujianghuai-boot] [tContainer#0-24] o.s.a.r.c.CachingConnectionFactory       : Attempting to connect to: [127.0.0.1:5672]
2026-04-24T13:14:59.261+08:00  WARN 45844 --- [yujianghuai-boot] [tContainer#0-24] o.s.a.r.l.SimpleMessageListenerContainer : Consumer raised exception, processing can restart if the connection factory supports it. Exception summary: org.springframework.amqp.AmqpConnectException: java.net.ConnectException: Connection refused: getsockopt
2026-04-24T13:14:59.261+08:00  INFO 45844 --- [yujianghuai-boot] [tContainer#0-24] o.s.a.r.l.SimpleMessageListenerContainer : Restarting Consumer@7e64b7df: tags=[[]], channel=null, acknowledgeMode=AUTO local queue size=0
2026-04-24T13:14:59.263+08:00  INFO 45844 --- [yujianghuai-boot] [tContainer#0-25] o.s.a.r.c.CachingConnectionFactory       : Attempting to connect to: [127.0.0.1:5672]
2026-04-24T13:14:59.276+08:00 ERROR 45844 --- [yujianghuai-boot] [tContainer#0-25] o.s.a.r.l.SimpleMessageListenerContainer : Failed to check/redeclare auto-delete queue(s).
2026-04-24T13:14:59.277+08:00  INFO 45844 --- [yujianghuai-boot] [tContainer#0-25] o.s.a.r.c.CachingConnectionFactory       : Attempting to connect to: [127.0.0.1:5672]
2026-04-24T13:15:04.311+08:00  WARN 45844 --- [yujianghuai-boot] [tContainer#0-25] o.s.a.r.l.SimpleMessageListenerContainer : Consumer raised exception, processing can restart if the connection factory supports it. Exception summary: org.springframework.amqp.AmqpConnectException: java.net.ConnectException: Connection refused: getsockopt
2026-04-24T13:15:04.312+08:00  INFO 45844 --- [yujianghuai-boot] [tContainer#0-25] o.s.a.r.l.SimpleMessageListenerContainer : Restarting Consumer@28107f22: tags=[[]], channel=null, acknowledgeMode=AUTO local queue size=0
2026-04-24T13:15:04.313+08:00  INFO 45844 --- [yujianghuai-boot] [tContainer#0-26] o.s.a.r.c.CachingConnectionFactory       : Attempting to connect to: [127.0.0.1:5672]
2026-04-24T13:15:04.314+08:00 ERROR 45844 --- [yujianghuai-boot] [tContainer#0-26] o.s.a.r.l.SimpleMessageListenerContainer : Failed to check/redeclare auto-delete queue(s).
2026-04-24T13:15:04.315+08:00  INFO 45844 --- [yujianghuai-boot] [tContainer#0-26] o.s.a.r.c.CachingConnectionFactory       : Attempting to connect to: [127.0.0.1:5672]
2026-04-24T13:15:09.364+08:00  WARN 45844 --- [yujianghuai-boot] [tContainer#0-26] o.s.a.r.l.SimpleMessageListenerContainer : Consumer raised exception, processing can restart if the connection factory supports it. Exception summary: org.springframework.amqp.AmqpConnectException: java.net.ConnectException: Connection refused: getsockopt
2026-04-24T13:15:09.365+08:00  INFO 45844 --- [yujianghuai-boot] [tContainer#0-26] o.s.a.r.l.SimpleMessageListenerContainer : Restarting Consumer@379360b2: tags=[[]], channel=null, acknowledgeMode=AUTO local queue size=0
2026-04-24T13:15:09.366+08:00  INFO 45844 --- [yujianghuai-boot] [tContainer#0-27] o.s.a.r.c.CachingConnectionFactory       : Attempting to connect to: [127.0.0.1:5672]
2026-04-24T13:15:09.367+08:00 ERROR 45844 --- [yujianghuai-boot] [tContainer#0-27] o.s.a.r.l.SimpleMessageListenerContainer : Failed to check/redeclare auto-delete queue(s).
2026-04-24T13:15:09.368+08:00  INFO 45844 --- [yujianghuai-boot] [tContainer#0-27] o.s.a.r.c.CachingConnectionFactory       : Attempting to connect to: [127.0.0.1:5672]
2026-04-24T13:15:14.549+08:00  WARN 45844 --- [yujianghuai-boot] [tContainer#0-27] o.s.a.r.l.SimpleMessageListenerContainer : Consumer raised exception, processing can restart if the connection factory supports it. Exception summary: org.springframework.amqp.AmqpConnectException: java.net.ConnectException: Connection refused: getsockopt
2026-04-24T13:15:14.550+08:00  INFO 45844 --- [yujianghuai-boot] [tContainer#0-27] o.s.a.r.l.SimpleMessageListenerContainer : Restarting Consumer@46c4a907: tags=[[]], channel=null, acknowledgeMode=AUTO local queue size=0
2026-04-24T13:15:14.551+08:00  INFO 45844 --- [yujianghuai-boot] [tContainer#0-28] o.s.a.r.c.CachingConnectionFactory       : Attempting to connect to: [127.0.0.1:5672]
2026-04-24T13:15:14.553+08:00 ERROR 45844 --- [yujianghuai-boot] [tContainer#0-28] o.s.a.r.l.SimpleMessageListenerContainer : Failed to check/redeclare auto-delete queue(s).
2026-04-24T13:15:14.554+08:00  INFO 45844 --- [yujianghuai-boot] [tContainer#0-28] o.s.a.r.c.CachingConnectionFactory       : Attempting to connect to: [127.0.0.1:5672]
2026-04-24T13:15:19.691+08:00  WARN 45844 --- [yujianghuai-boot] [tContainer#0-28] o.s.a.r.l.SimpleMessageListenerContainer : Consumer raised exception, processing can restart if the connection factory supports it. Exception summary: org.springframework.amqp.AmqpConnectException: java.net.ConnectException: Connection refused: getsockopt
2026-04-24T13:15:19.693+08:00  INFO 45844 --- [yujianghuai-boot] [tContainer#0-28] o.s.a.r.l.SimpleMessageListenerContainer : Restarting Consumer@586bdcd6: tags=[[]], channel=null, acknowledgeMode=AUTO local queue size=0
2026-04-24T13:15:19.698+08:00  INFO 45844 --- [yujianghuai-boot] [tContainer#0-29] o.s.a.r.c.CachingConnectionFactory       : Attempting to connect to: [127.0.0.1:5672]
2026-04-24T13:15:19.701+08:00 ERROR 45844 --- [yujianghuai-boot] [tContainer#0-29] o.s.a.r.l.SimpleMessageListenerContainer : Failed to check/redeclare auto-delete queue(s).
2026-04-24T13:15:19.702+08:00  INFO 45844 --- [yujianghuai-boot] [tContainer#0-29] o.s.a.r.c.CachingConnectionFactory       : Attempting to connect to: [127.0.0.1:5672]
2026-04-24T13:15:24.906+08:00  WARN 45844 --- [yujianghuai-boot] [tContainer#0-29] o.s.a.r.l.SimpleMessageListenerContainer : Consumer raised exception, processing can restart if the connection factory supports it. Exception summary: org.springframework.amqp.AmqpConnectException: java.net.ConnectException: Connection refused: getsockopt
2026-04-24T13:15:24.908+08:00  INFO 45844 --- [yujianghuai-boot] [tContainer#0-29] o.s.a.r.l.SimpleMessageListenerContainer : Restarting Consumer@4f3de970: tags=[[]], channel=null, acknowledgeMode=AUTO local queue size=0
2026-04-24T13:15:24.910+08:00  INFO 45844 --- [yujianghuai-boot] [tContainer#0-30] o.s.a.r.c.CachingConnectionFactory       : Attempting to connect to: [127.0.0.1:5672]
2026-04-24T13:15:24.922+08:00 ERROR 45844 --- [yujianghuai-boot] [tContainer#0-30] o.s.a.r.l.SimpleMessageListenerContainer : Failed to check/redeclare auto-delete queue(s).
2026-04-24T13:15:24.923+08:00  INFO 45844 --- [yujianghuai-boot] [tContainer#0-30] o.s.a.r.c.CachingConnectionFactory       : Attempting to connect to: [127.0.0.1:5672]
2026-04-24T13:15:29.974+08:00  WARN 45844 --- [yujianghuai-boot] [tContainer#0-30] o.s.a.r.l.SimpleMessageListenerContainer : Consumer raised exception, processing can restart if the connection factory supports it. Exception summary: org.springframework.amqp.AmqpConnectException: java.net.ConnectException: Connection refused: getsockopt
2026-04-24T13:15:29.980+08:00  INFO 45844 --- [yujianghuai-boot] [tContainer#0-30] o.s.a.r.l.SimpleMessageListenerContainer : Restarting Consumer@555b753a: tags=[[]], channel=null, acknowledgeMode=AUTO local queue size=0
2026-04-24T13:15:29.984+08:00  INFO 45844 --- [yujianghuai-boot] [tContainer#0-31] o.s.a.r.c.CachingConnectionFactory       : Attempting to connect to: [127.0.0.1:5672]
2026-04-24T13:15:29.991+08:00 ERROR 45844 --- [yujianghuai-boot] [tContainer#0-31] o.s.a.r.l.SimpleMessageListenerContainer : Failed to check/redeclare auto-delete queue(s).
2026-04-24T13:15:29.992+08:00  INFO 45844 --- [yujianghuai-boot] [tContainer#0-31] o.s.a.r.c.CachingConnectionFactory       : Attempting to connect to: [127.0.0.1:5672]
2026-04-24T13:15:35.203+08:00  WARN 45844 --- [yujianghuai-boot] [tContainer#0-31] o.s.a.r.l.SimpleMessageListenerContainer : Consumer raised exception, processing can restart if the connection factory supports it. Exception summary: org.springframework.amqp.AmqpConnectException: java.net.ConnectException: Connection refused: getsockopt
2026-04-24T13:15:35.205+08:00  INFO 45844 --- [yujianghuai-boot] [tContainer#0-31] o.s.a.r.l.SimpleMessageListenerContainer : Restarting Consumer@2973338c: tags=[[]], channel=null, acknowledgeMode=AUTO local queue size=0
2026-04-24T13:15:35.206+08:00  INFO 45844 --- [yujianghuai-boot] [tContainer#0-32] o.s.a.r.c.CachingConnectionFactory       : Attempting to connect to: [127.0.0.1:5672]
2026-04-24T13:15:35.218+08:00 ERROR 45844 --- [yujianghuai-boot] [tContainer#0-32] o.s.a.r.l.SimpleMessageListenerContainer : Failed to check/redeclare auto-delete queue(s).
2026-04-24T13:15:35.219+08:00  INFO 45844 --- [yujianghuai-boot] [tContainer#0-32] o.s.a.r.c.CachingConnectionFactory       : Attempting to connect to: [127.0.0.1:5672]
2026-04-24T13:15:40.432+08:00  WARN 45844 --- [yujianghuai-boot] [tContainer#0-32] o.s.a.r.l.SimpleMessageListenerContainer : Consumer raised exception, processing can restart if the connection factory supports it. Exception summary: org.springframework.amqp.AmqpConnectException: java.net.ConnectException: Connection refused: getsockopt
2026-04-24T13:15:40.433+08:00  INFO 45844 --- [yujianghuai-boot] [tContainer#0-32] o.s.a.r.l.SimpleMessageListenerContainer : Restarting Consumer@36cab79d: tags=[[]], channel=null, acknowledgeMode=AUTO local queue size=0
2026-04-24T13:15:40.434+08:00  INFO 45844 --- [yujianghuai-boot] [tContainer#0-33] o.s.a.r.c.CachingConnectionFactory       : Attempting to connect to: [127.0.0.1:5672]
2026-04-24T13:15:40.436+08:00 ERROR 45844 --- [yujianghuai-boot] [tContainer#0-33] o.s.a.r.l.SimpleMessageListenerContainer : Failed to check/redeclare auto-delete queue(s).
2026-04-24T13:15:40.436+08:00  INFO 45844 --- [yujianghuai-boot] [tContainer#0-33] o.s.a.r.c.CachingConnectionFactory       : Attempting to connect to: [127.0.0.1:5672]
2026-04-24T13:15:45.556+08:00  WARN 45844 --- [yujianghuai-boot] [tContainer#0-33] o.s.a.r.l.SimpleMessageListenerContainer : Consumer raised exception, processing can restart if the connection factory supports it. Exception summary: org.springframework.amqp.AmqpConnectException: java.net.ConnectException: Connection refused: getsockopt
2026-04-24T13:15:45.557+08:00  INFO 45844 --- [yujianghuai-boot] [tContainer#0-33] o.s.a.r.l.SimpleMessageListenerContainer : Restarting Consumer@610eedf0: tags=[[]], channel=null, acknowledgeMode=AUTO local queue size=0
2026-04-24T13:15:45.559+08:00  INFO 45844 --- [yujianghuai-boot] [tContainer#0-34] o.s.a.r.c.CachingConnectionFactory       : Attempting to connect to: [127.0.0.1:5672]
2026-04-24T13:15:45.560+08:00 ERROR 45844 --- [yujianghuai-boot] [tContainer#0-34] o.s.a.r.l.SimpleMessageListenerContainer : Failed to check/redeclare auto-delete queue(s).
2026-04-24T13:15:45.561+08:00  INFO 45844 --- [yujianghuai-boot] [tContainer#0-34] o.s.a.r.c.CachingConnectionFactory       : Attempting to connect to: [127.0.0.1:5672]
2026-04-24T13:15:50.755+08:00  WARN 45844 --- [yujianghuai-boot] [tContainer#0-34] o.s.a.r.l.SimpleMessageListenerContainer : Consumer raised exception, processing can restart if the connection factory supports it. Exception summary: org.springframework.amqp.AmqpConnectException: java.net.ConnectException: Connection refused: getsockopt
2026-04-24T13:15:50.756+08:00  INFO 45844 --- [yujianghuai-boot] [tContainer#0-34] o.s.a.r.l.SimpleMessageListenerContainer : Restarting Consumer@58dcce60: tags=[[]], channel=null, acknowledgeMode=AUTO local queue size=0
2026-04-24T13:15:50.758+08:00  INFO 45844 --- [yujianghuai-boot] [tContainer#0-35] o.s.a.r.c.CachingConnectionFactory       : Attempting to connect to: [127.0.0.1:5672]
2026-04-24T13:15:50.759+08:00 ERROR 45844 --- [yujianghuai-boot] [tContainer#0-35] o.s.a.r.l.SimpleMessageListenerContainer : Failed to check/redeclare auto-delete queue(s).
2026-04-24T13:15:50.759+08:00  INFO 45844 --- [yujianghuai-boot] [tContainer#0-35] o.s.a.r.c.CachingConnectionFactory       : Attempting to connect to: [127.0.0.1:5672]
2026-04-24T13:15:55.780+08:00  WARN 45844 --- [yujianghuai-boot] [tContainer#0-35] o.s.a.r.l.SimpleMessageListenerContainer : Consumer raised exception, processing can restart if the connection factory supports it. Exception summary: org.springframework.amqp.AmqpConnectException: java.net.ConnectException: Connection refused: getsockopt
2026-04-24T13:15:55.784+08:00  INFO 45844 --- [yujianghuai-boot] [tContainer#0-35] o.s.a.r.l.SimpleMessageListenerContainer : Restarting Consumer@3141fa75: tags=[[]], channel=null, acknowledgeMode=AUTO local queue size=0
2026-04-24T13:15:55.786+08:00  INFO 45844 --- [yujianghuai-boot] [tContainer#0-36] o.s.a.r.c.CachingConnectionFactory       : Attempting to connect to: [127.0.0.1:5672]
2026-04-24T13:15:55.787+08:00 ERROR 45844 --- [yujianghuai-boot] [tContainer#0-36] o.s.a.r.l.SimpleMessageListenerContainer : Failed to check/redeclare auto-delete queue(s).
2026-04-24T13:15:55.787+08:00  INFO 45844 --- [yujianghuai-boot] [tContainer#0-36] o.s.a.r.c.CachingConnectionFactory       : Attempting to connect to: [127.0.0.1:5672]
2026-04-24T13:16:00.996+08:00  WARN 45844 --- [yujianghuai-boot] [tContainer#0-36] o.s.a.r.l.SimpleMessageListenerContainer : Consumer raised exception, processing can restart if the connection factory supports it. Exception summary: org.springframework.amqp.AmqpConnectException: java.net.ConnectException: Connection refused: getsockopt
2026-04-24T13:16:00.996+08:00  INFO 45844 --- [yujianghuai-boot] [tContainer#0-36] o.s.a.r.l.SimpleMessageListenerContainer : Restarting Consumer@101baf7c: tags=[[]], channel=null, acknowledgeMode=AUTO local queue size=0
2026-04-24T13:16:00.998+08:00  INFO 45844 --- [yujianghuai-boot] [tContainer#0-37] o.s.a.r.c.CachingConnectionFactory       : Attempting to connect to: [127.0.0.1:5672]
2026-04-24T13:16:00.999+08:00 ERROR 45844 --- [yujianghuai-boot] [tContainer#0-37] o.s.a.r.l.SimpleMessageListenerContainer : Failed to check/redeclare auto-delete queue(s).
2026-04-24T13:16:01.000+08:00  INFO 45844 --- [yujianghuai-boot] [tContainer#0-37] o.s.a.r.c.CachingConnectionFactory       : Attempting to connect to: [127.0.0.1:5672]
2026-04-24T13:16:06.184+08:00  WARN 45844 --- [yujianghuai-boot] [tContainer#0-37] o.s.a.r.l.SimpleMessageListenerContainer : Consumer raised exception, processing can restart if the connection factory supports it. Exception summary: org.springframework.amqp.AmqpConnectException: java.net.ConnectException: Connection refused: getsockopt
2026-04-24T13:16:06.184+08:00  INFO 45844 --- [yujianghuai-boot] [tContainer#0-37] o.s.a.r.l.SimpleMessageListenerContainer : Restarting Consumer@75ca32d6: tags=[[]], channel=null, acknowledgeMode=AUTO local queue size=0
2026-04-24T13:16:06.186+08:00  INFO 45844 --- [yujianghuai-boot] [tContainer#0-38] o.s.a.r.c.CachingConnectionFactory       : Attempting to connect to: [127.0.0.1:5672]
2026-04-24T13:16:06.200+08:00 ERROR 45844 --- [yujianghuai-boot] [tContainer#0-38] o.s.a.r.l.SimpleMessageListenerContainer : Failed to check/redeclare auto-delete queue(s).
2026-04-24T13:16:06.201+08:00  INFO 45844 --- [yujianghuai-boot] [tContainer#0-38] o.s.a.r.c.CachingConnectionFactory       : Attempting to connect to: [127.0.0.1:5672]
2026-04-24T13:16:11.403+08:00  WARN 45844 --- [yujianghuai-boot] [tContainer#0-38] o.s.a.r.l.SimpleMessageListenerContainer : Consumer raised exception, processing can restart if the connection factory supports it. Exception summary: org.springframework.amqp.AmqpConnectException: java.net.ConnectException: Connection refused: getsockopt
2026-04-24T13:16:11.404+08:00  INFO 45844 --- [yujianghuai-boot] [tContainer#0-38] o.s.a.r.l.SimpleMessageListenerContainer : Restarting Consumer@277e8ede: tags=[[]], channel=null, acknowledgeMode=AUTO local queue size=0
2026-04-24T13:16:11.405+08:00  INFO 45844 --- [yujianghuai-boot] [tContainer#0-39] o.s.a.r.c.CachingConnectionFactory       : Attempting to connect to: [127.0.0.1:5672]
2026-04-24T13:16:11.406+08:00 ERROR 45844 --- [yujianghuai-boot] [tContainer#0-39] o.s.a.r.l.SimpleMessageListenerContainer : Failed to check/redeclare auto-delete queue(s).
2026-04-24T13:16:11.407+08:00  INFO 45844 --- [yujianghuai-boot] [tContainer#0-39] o.s.a.r.c.CachingConnectionFactory       : Attempting to connect to: [127.0.0.1:5672]
2026-04-24T13:16:16.608+08:00  WARN 45844 --- [yujianghuai-boot] [tContainer#0-39] o.s.a.r.l.SimpleMessageListenerContainer : Consumer raised exception, processing can restart if the connection factory supports it. Exception summary: org.springframework.amqp.AmqpConnectException: java.net.ConnectException: Connection refused: getsockopt
2026-04-24T13:16:16.608+08:00  INFO 45844 --- [yujianghuai-boot] [tContainer#0-39] o.s.a.r.l.SimpleMessageListenerContainer : Restarting Consumer@57a9604: tags=[[]], channel=null, acknowledgeMode=AUTO local queue size=0
2026-04-24T13:16:16.610+08:00  INFO 45844 --- [yujianghuai-boot] [tContainer#0-40] o.s.a.r.c.CachingConnectionFactory       : Attempting to connect to: [127.0.0.1:5672]
2026-04-24T13:16:16.612+08:00 ERROR 45844 --- [yujianghuai-boot] [tContainer#0-40] o.s.a.r.l.SimpleMessageListenerContainer : Failed to check/redeclare auto-delete queue(s).
2026-04-24T13:16:16.612+08:00  INFO 45844 --- [yujianghuai-boot] [tContainer#0-40] o.s.a.r.c.CachingConnectionFactory       : Attempting to connect to: [127.0.0.1:5672]
2026-04-24T13:16:21.628+08:00  WARN 45844 --- [yujianghuai-boot] [tContainer#0-40] o.s.a.r.l.SimpleMessageListenerContainer : Consumer raised exception, processing can restart if the connection factory supports it. Exception summary: org.springframework.amqp.AmqpConnectException: java.net.ConnectException: Connection refused: getsockopt
2026-04-24T13:16:21.629+08:00  INFO 45844 --- [yujianghuai-boot] [tContainer#0-40] o.s.a.r.l.SimpleMessageListenerContainer : Restarting Consumer@c73cdb5: tags=[[]], channel=null, acknowledgeMode=AUTO local queue size=0
2026-04-24T13:16:21.631+08:00  INFO 45844 --- [yujianghuai-boot] [tContainer#0-41] o.s.a.r.c.CachingConnectionFactory       : Attempting to connect to: [127.0.0.1:5672]
2026-04-24T13:16:21.633+08:00 ERROR 45844 --- [yujianghuai-boot] [tContainer#0-41] o.s.a.r.l.SimpleMessageListenerContainer : Failed to check/redeclare auto-delete queue(s).
2026-04-24T13:16:21.634+08:00  INFO 45844 --- [yujianghuai-boot] [tContainer#0-41] o.s.a.r.c.CachingConnectionFactory       : Attempting to connect to: [127.0.0.1:5672]
2026-04-24T13:16:26.770+08:00  WARN 45844 --- [yujianghuai-boot] [tContainer#0-41] o.s.a.r.l.SimpleMessageListenerContainer : Consumer raised exception, processing can restart if the connection factory supports it. Exception summary: org.springframework.amqp.AmqpConnectException: java.net.ConnectException: Connection refused: getsockopt
2026-04-24T13:16:26.771+08:00  INFO 45844 --- [yujianghuai-boot] [tContainer#0-41] o.s.a.r.l.SimpleMessageListenerContainer : Restarting Consumer@730a80f1: tags=[[]], channel=null, acknowledgeMode=AUTO local queue size=0
2026-04-24T13:16:26.772+08:00  INFO 45844 --- [yujianghuai-boot] [tContainer#0-42] o.s.a.r.c.CachingConnectionFactory       : Attempting to connect to: [127.0.0.1:5672]
2026-04-24T13:16:26.785+08:00 ERROR 45844 --- [yujianghuai-boot] [tContainer#0-42] o.s.a.r.l.SimpleMessageListenerContainer : Failed to check/redeclare auto-delete queue(s).
2026-04-24T13:16:26.786+08:00  INFO 45844 --- [yujianghuai-boot] [tContainer#0-42] o.s.a.r.c.CachingConnectionFactory       : Attempting to connect to: [127.0.0.1:5672]
2026-04-24T13:16:31.939+08:00  WARN 45844 --- [yujianghuai-boot] [tContainer#0-42] o.s.a.r.l.SimpleMessageListenerContainer : Consumer raised exception, processing can restart if the connection factory supports it. Exception summary: org.springframework.amqp.AmqpConnectException: java.net.ConnectException: Connection refused: getsockopt
2026-04-24T13:16:31.940+08:00  INFO 45844 --- [yujianghuai-boot] [tContainer#0-42] o.s.a.r.l.SimpleMessageListenerContainer : Restarting Consumer@490924a9: tags=[[]], channel=null, acknowledgeMode=AUTO local queue size=0
2026-04-24T13:16:31.942+08:00  INFO 45844 --- [yujianghuai-boot] [tContainer#0-43] o.s.a.r.c.CachingConnectionFactory       : Attempting to connect to: [127.0.0.1:5672]
2026-04-24T13:16:31.943+08:00 ERROR 45844 --- [yujianghuai-boot] [tContainer#0-43] o.s.a.r.l.SimpleMessageListenerContainer : Failed to check/redeclare auto-delete queue(s).
2026-04-24T13:16:31.943+08:00  INFO 45844 --- [yujianghuai-boot] [tContainer#0-43] o.s.a.r.c.CachingConnectionFactory       : Attempting to connect to: [127.0.0.1:5672]
2026-04-24T13:16:36.994+08:00  WARN 45844 --- [yujianghuai-boot] [tContainer#0-43] o.s.a.r.l.SimpleMessageListenerContainer : Consumer raised exception, processing can restart if the connection factory supports it. Exception summary: org.springframework.amqp.AmqpConnectException: java.net.ConnectException: Connection refused: getsockopt
2026-04-24T13:16:36.995+08:00  INFO 45844 --- [yujianghuai-boot] [tContainer#0-43] o.s.a.r.l.SimpleMessageListenerContainer : Restarting Consumer@22b48a68: tags=[[]], channel=null, acknowledgeMode=AUTO local queue size=0
2026-04-24T13:16:36.997+08:00  INFO 45844 --- [yujianghuai-boot] [tContainer#0-44] o.s.a.r.c.CachingConnectionFactory       : Attempting to connect to: [127.0.0.1:5672]
2026-04-24T13:16:36.999+08:00 ERROR 45844 --- [yujianghuai-boot] [tContainer#0-44] o.s.a.r.l.SimpleMessageListenerContainer : Failed to check/redeclare auto-delete queue(s).
2026-04-24T13:16:36.999+08:00  INFO 45844 --- [yujianghuai-boot] [tContainer#0-44] o.s.a.r.c.CachingConnectionFactory       : Attempting to connect to: [127.0.0.1:5672]
2026-04-24T13:16:42.176+08:00  WARN 45844 --- [yujianghuai-boot] [tContainer#0-44] o.s.a.r.l.SimpleMessageListenerContainer : Consumer raised exception, processing can restart if the connection factory supports it. Exception summary: org.springframework.amqp.AmqpConnectException: java.net.ConnectException: Connection refused: getsockopt
2026-04-24T13:16:42.176+08:00  INFO 45844 --- [yujianghuai-boot] [tContainer#0-44] o.s.a.r.l.SimpleMessageListenerContainer : Restarting Consumer@7d5b61e0: tags=[[]], channel=null, acknowledgeMode=AUTO local queue size=0
2026-04-24T13:16:42.178+08:00  INFO 45844 --- [yujianghuai-boot] [tContainer#0-45] o.s.a.r.c.CachingConnectionFactory       : Attempting to connect to: [127.0.0.1:5672]
2026-04-24T13:16:42.191+08:00 ERROR 45844 --- [yujianghuai-boot] [tContainer#0-45] o.s.a.r.l.SimpleMessageListenerContainer : Failed to check/redeclare auto-delete queue(s).
2026-04-24T13:16:42.192+08:00  INFO 45844 --- [yujianghuai-boot] [tContainer#0-45] o.s.a.r.c.CachingConnectionFactory       : Attempting to connect to: [127.0.0.1:5672]
2026-04-24T13:16:47.342+08:00  WARN 45844 --- [yujianghuai-boot] [tContainer#0-45] o.s.a.r.l.SimpleMessageListenerContainer : Consumer raised exception, processing can restart if the connection factory supports it. Exception summary: org.springframework.amqp.AmqpConnectException: java.net.ConnectException: Connection refused: getsockopt
2026-04-24T13:16:47.344+08:00  INFO 45844 --- [yujianghuai-boot] [tContainer#0-45] o.s.a.r.l.SimpleMessageListenerContainer : Restarting Consumer@2f015de0: tags=[[]], channel=null, acknowledgeMode=AUTO local queue size=0
2026-04-24T13:16:47.347+08:00  INFO 45844 --- [yujianghuai-boot] [tContainer#0-46] o.s.a.r.c.CachingConnectionFactory       : Attempting to connect to: [127.0.0.1:5672]
2026-04-24T13:16:47.348+08:00 ERROR 45844 --- [yujianghuai-boot] [tContainer#0-46] o.s.a.r.l.SimpleMessageListenerContainer : Failed to check/redeclare auto-delete queue(s).
2026-04-24T13:16:47.349+08:00  INFO 45844 --- [yujianghuai-boot] [tContainer#0-46] o.s.a.r.c.CachingConnectionFactory       : Attempting to connect to: [127.0.0.1:5672]
2026-04-24T13:16:52.536+08:00  WARN 45844 --- [yujianghuai-boot] [tContainer#0-46] o.s.a.r.l.SimpleMessageListenerContainer : Consumer raised exception, processing can restart if the connection factory supports it. Exception summary: org.springframework.amqp.AmqpConnectException: java.net.ConnectException: Connection refused: getsockopt
2026-04-24T13:16:52.538+08:00  INFO 45844 --- [yujianghuai-boot] [tContainer#0-46] o.s.a.r.l.SimpleMessageListenerContainer : Restarting Consumer@cd092aa: tags=[[]], channel=null, acknowledgeMode=AUTO local queue size=0
2026-04-24T13:16:52.539+08:00  INFO 45844 --- [yujianghuai-boot] [tContainer#0-47] o.s.a.r.c.CachingConnectionFactory       : Attempting to connect to: [127.0.0.1:5672]
2026-04-24T13:16:52.540+08:00 ERROR 45844 --- [yujianghuai-boot] [tContainer#0-47] o.s.a.r.l.SimpleMessageListenerContainer : Failed to check/redeclare auto-delete queue(s).
2026-04-24T13:16:52.541+08:00  INFO 45844 --- [yujianghuai-boot] [tContainer#0-47] o.s.a.r.c.CachingConnectionFactory       : Attempting to connect to: [127.0.0.1:5672]
2026-04-24T13:16:57.580+08:00  WARN 45844 --- [yujianghuai-boot] [tContainer#0-47] o.s.a.r.l.SimpleMessageListenerContainer : Consumer raised exception, processing can restart if the connection factory supports it. Exception summary: org.springframework.amqp.AmqpConnectException: java.net.ConnectException: Connection refused: getsockopt
2026-04-24T13:16:57.580+08:00  INFO 45844 --- [yujianghuai-boot] [tContainer#0-47] o.s.a.r.l.SimpleMessageListenerContainer : Restarting Consumer@4286df3f: tags=[[]], channel=null, acknowledgeMode=AUTO local queue size=0
2026-04-24T13:16:57.583+08:00  INFO 45844 --- [yujianghuai-boot] [tContainer#0-48] o.s.a.r.c.CachingConnectionFactory       : Attempting to connect to: [127.0.0.1:5672]
2026-04-24T13:16:57.596+08:00 ERROR 45844 --- [yujianghuai-boot] [tContainer#0-48] o.s.a.r.l.SimpleMessageListenerContainer : Failed to check/redeclare auto-delete queue(s).
2026-04-24T13:16:57.597+08:00  INFO 45844 --- [yujianghuai-boot] [tContainer#0-48] o.s.a.r.c.CachingConnectionFactory       : Attempting to connect to: [127.0.0.1:5672]
2026-04-24T13:17:02.622+08:00  WARN 45844 --- [yujianghuai-boot] [tContainer#0-48] o.s.a.r.l.SimpleMessageListenerContainer : Consumer raised exception, processing can restart if the connection factory supports it. Exception summary: org.springframework.amqp.AmqpConnectException: java.net.ConnectException: Connection refused: getsockopt
2026-04-24T13:17:02.623+08:00  INFO 45844 --- [yujianghuai-boot] [tContainer#0-48] o.s.a.r.l.SimpleMessageListenerContainer : Restarting Consumer@31ad6461: tags=[[]], channel=null, acknowledgeMode=AUTO local queue size=0
2026-04-24T13:17:02.624+08:00  INFO 45844 --- [yujianghuai-boot] [tContainer#0-49] o.s.a.r.c.CachingConnectionFactory       : Attempting to connect to: [127.0.0.1:5672]
2026-04-24T13:17:02.626+08:00 ERROR 45844 --- [yujianghuai-boot] [tContainer#0-49] o.s.a.r.l.SimpleMessageListenerContainer : Failed to check/redeclare auto-delete queue(s).
2026-04-24T13:17:02.626+08:00  INFO 45844 --- [yujianghuai-boot] [tContainer#0-49] o.s.a.r.c.CachingConnectionFactory       : Attempting to connect to: [127.0.0.1:5672]
2026-04-24T13:17:07.661+08:00  WARN 45844 --- [yujianghuai-boot] [tContainer#0-49] o.s.a.r.l.SimpleMessageListenerContainer : Consumer raised exception, processing can restart if the connection factory supports it. Exception summary: org.springframework.amqp.AmqpConnectException: java.net.ConnectException: Connection refused: getsockopt
2026-04-24T13:17:07.662+08:00  INFO 45844 --- [yujianghuai-boot] [tContainer#0-49] o.s.a.r.l.SimpleMessageListenerContainer : Restarting Consumer@64fd64df: tags=[[]], channel=null, acknowledgeMode=AUTO local queue size=0
2026-04-24T13:17:07.663+08:00  INFO 45844 --- [yujianghuai-boot] [tContainer#0-50] o.s.a.r.c.CachingConnectionFactory       : Attempting to connect to: [127.0.0.1:5672]
2026-04-24T13:17:07.664+08:00 ERROR 45844 --- [yujianghuai-boot] [tContainer#0-50] o.s.a.r.l.SimpleMessageListenerContainer : Failed to check/redeclare auto-delete queue(s).
2026-04-24T13:17:07.665+08:00  INFO 45844 --- [yujianghuai-boot] [tContainer#0-50] o.s.a.r.c.CachingConnectionFactory       : Attempting to connect to: [127.0.0.1:5672]
2026-04-24T13:17:12.703+08:00  WARN 45844 --- [yujianghuai-boot] [tContainer#0-50] o.s.a.r.l.SimpleMessageListenerContainer : Consumer raised exception, processing can restart if the connection factory supports it. Exception summary: org.springframework.amqp.AmqpConnectException: java.net.ConnectException: Connection refused: getsockopt
2026-04-24T13:17:12.705+08:00  INFO 45844 --- [yujianghuai-boot] [tContainer#0-50] o.s.a.r.l.SimpleMessageListenerContainer : Restarting Consumer@631f9d59: tags=[[]], channel=null, acknowledgeMode=AUTO local queue size=0
2026-04-24T13:17:12.710+08:00  INFO 45844 --- [yujianghuai-boot] [tContainer#0-51] o.s.a.r.c.CachingConnectionFactory       : Attempting to connect to: [127.0.0.1:5672]
2026-04-24T13:17:12.717+08:00 ERROR 45844 --- [yujianghuai-boot] [tContainer#0-51] o.s.a.r.l.SimpleMessageListenerContainer : Failed to check/redeclare auto-delete queue(s).
2026-04-24T13:17:12.719+08:00  INFO 45844 --- [yujianghuai-boot] [tContainer#0-51] o.s.a.r.c.CachingConnectionFactory       : Attempting to connect to: [127.0.0.1:5672]
2026-04-24T13:17:17.759+08:00  WARN 45844 --- [yujianghuai-boot] [tContainer#0-51] o.s.a.r.l.SimpleMessageListenerContainer : Consumer raised exception, processing can restart if the connection factory supports it. Exception summary: org.springframework.amqp.AmqpConnectException: java.net.ConnectException: Connection refused: getsockopt
2026-04-24T13:17:17.760+08:00  INFO 45844 --- [yujianghuai-boot] [tContainer#0-51] o.s.a.r.l.SimpleMessageListenerContainer : Restarting Consumer@767771e5: tags=[[]], channel=null, acknowledgeMode=AUTO local queue size=0
2026-04-24T13:17:17.761+08:00  INFO 45844 --- [yujianghuai-boot] [tContainer#0-52] o.s.a.r.c.CachingConnectionFactory       : Attempting to connect to: [127.0.0.1:5672]
2026-04-24T13:17:17.762+08:00 ERROR 45844 --- [yujianghuai-boot] [tContainer#0-52] o.s.a.r.l.SimpleMessageListenerContainer : Failed to check/redeclare auto-delete queue(s).
2026-04-24T13:17:17.763+08:00  INFO 45844 --- [yujianghuai-boot] [tContainer#0-52] o.s.a.r.c.CachingConnectionFactory       : Attempting to connect to: [127.0.0.1:5672]
2026-04-24T13:17:22.958+08:00  WARN 45844 --- [yujianghuai-boot] [tContainer#0-52] o.s.a.r.l.SimpleMessageListenerContainer : Consumer raised exception, processing can restart if the connection factory supports it. Exception summary: org.springframework.amqp.AmqpConnectException: java.net.ConnectException: Connection refused: getsockopt
2026-04-24T13:17:22.959+08:00  INFO 45844 --- [yujianghuai-boot] [tContainer#0-52] o.s.a.r.l.SimpleMessageListenerContainer : Restarting Consumer@3461d976: tags=[[]], channel=null, acknowledgeMode=AUTO local queue size=0
2026-04-24T13:17:22.960+08:00  INFO 45844 --- [yujianghuai-boot] [tContainer#0-53] o.s.a.r.c.CachingConnectionFactory       : Attempting to connect to: [127.0.0.1:5672]
2026-04-24T13:17:22.974+08:00 ERROR 45844 --- [yujianghuai-boot] [tContainer#0-53] o.s.a.r.l.SimpleMessageListenerContainer : Failed to check/redeclare auto-delete queue(s).
2026-04-24T13:17:22.975+08:00  INFO 45844 --- [yujianghuai-boot] [tContainer#0-53] o.s.a.r.c.CachingConnectionFactory       : Attempting to connect to: [127.0.0.1:5672]
2026-04-24T13:17:28.186+08:00  WARN 45844 --- [yujianghuai-boot] [tContainer#0-53] o.s.a.r.l.SimpleMessageListenerContainer : Consumer raised exception, processing can restart if the connection factory supports it. Exception summary: org.springframework.amqp.AmqpConnectException: java.net.ConnectException: Connection refused: getsockopt
2026-04-24T13:17:28.190+08:00  INFO 45844 --- [yujianghuai-boot] [tContainer#0-53] o.s.a.r.l.SimpleMessageListenerContainer : Restarting Consumer@3e6aaff3: tags=[[]], channel=null, acknowledgeMode=AUTO local queue size=0
2026-04-24T13:17:28.192+08:00  INFO 45844 --- [yujianghuai-boot] [tContainer#0-54] o.s.a.r.c.CachingConnectionFactory       : Attempting to connect to: [127.0.0.1:5672]
2026-04-24T13:17:28.216+08:00 ERROR 45844 --- [yujianghuai-boot] [tContainer#0-54] o.s.a.r.l.SimpleMessageListenerContainer : Failed to check/redeclare auto-delete queue(s).
2026-04-24T13:17:28.218+08:00  INFO 45844 --- [yujianghuai-boot] [tContainer#0-54] o.s.a.r.c.CachingConnectionFactory       : Attempting to connect to: [127.0.0.1:5672]
2026-04-24T13:17:33.414+08:00  WARN 45844 --- [yujianghuai-boot] [tContainer#0-54] o.s.a.r.l.SimpleMessageListenerContainer : Consumer raised exception, processing can restart if the connection factory supports it. Exception summary: org.springframework.amqp.AmqpConnectException: java.net.ConnectException: Connection refused: getsockopt
2026-04-24T13:17:33.414+08:00  INFO 45844 --- [yujianghuai-boot] [tContainer#0-54] o.s.a.r.l.SimpleMessageListenerContainer : Restarting Consumer@692d024b: tags=[[]], channel=null, acknowledgeMode=AUTO local queue size=0
2026-04-24T13:17:33.415+08:00  INFO 45844 --- [yujianghuai-boot] [tContainer#0-55] o.s.a.r.c.CachingConnectionFactory       : Attempting to connect to: [127.0.0.1:5672]
2026-04-24T13:17:33.416+08:00 ERROR 45844 --- [yujianghuai-boot] [tContainer#0-55] o.s.a.r.l.SimpleMessageListenerContainer : Failed to check/redeclare auto-delete queue(s).
2026-04-24T13:17:33.417+08:00  INFO 45844 --- [yujianghuai-boot] [tContainer#0-55] o.s.a.r.c.CachingConnectionFactory       : Attempting to connect to: [127.0.0.1:5672]
2026-04-24T13:17:38.510+08:00  WARN 45844 --- [yujianghuai-boot] [tContainer#0-55] o.s.a.r.l.SimpleMessageListenerContainer : Consumer raised exception, processing can restart if the connection factory supports it. Exception summary: org.springframework.amqp.AmqpConnectException: java.net.ConnectException: Connection refused: getsockopt
2026-04-24T13:17:38.511+08:00  INFO 45844 --- [yujianghuai-boot] [tContainer#0-55] o.s.a.r.l.SimpleMessageListenerContainer : Restarting Consumer@2652ff91: tags=[[]], channel=null, acknowledgeMode=AUTO local queue size=0
2026-04-24T13:17:38.512+08:00  INFO 45844 --- [yujianghuai-boot] [tContainer#0-56] o.s.a.r.c.CachingConnectionFactory       : Attempting to connect to: [127.0.0.1:5672]
2026-04-24T13:17:38.513+08:00 ERROR 45844 --- [yujianghuai-boot] [tContainer#0-56] o.s.a.r.l.SimpleMessageListenerContainer : Failed to check/redeclare auto-delete queue(s).
2026-04-24T13:17:38.514+08:00  INFO 45844 --- [yujianghuai-boot] [tContainer#0-56] o.s.a.r.c.CachingConnectionFactory       : Attempting to connect to: [127.0.0.1:5672]
2026-04-24T13:17:43.517+08:00  WARN 45844 --- [yujianghuai-boot] [tContainer#0-56] o.s.a.r.l.SimpleMessageListenerContainer : Consumer raised exception, processing can restart if the connection factory supports it. Exception summary: org.springframework.amqp.AmqpConnectException: java.net.ConnectException: Connection refused: getsockopt
2026-04-24T13:17:43.519+08:00  INFO 45844 --- [yujianghuai-boot] [tContainer#0-56] o.s.a.r.l.SimpleMessageListenerContainer : Restarting Consumer@5d0347e: tags=[[]], channel=null, acknowledgeMode=AUTO local queue size=0
2026-04-24T13:17:43.520+08:00  INFO 45844 --- [yujianghuai-boot] [tContainer#0-57] o.s.a.r.c.CachingConnectionFactory       : Attempting to connect to: [127.0.0.1:5672]
2026-04-24T13:17:43.521+08:00 ERROR 45844 --- [yujianghuai-boot] [tContainer#0-57] o.s.a.r.l.SimpleMessageListenerContainer : Failed to check/redeclare auto-delete queue(s).
2026-04-24T13:17:43.522+08:00  INFO 45844 --- [yujianghuai-boot] [tContainer#0-57] o.s.a.r.c.CachingConnectionFactory       : Attempting to connect to: [127.0.0.1:5672]
2026-04-24T13:17:48.731+08:00  WARN 45844 --- [yujianghuai-boot] [tContainer#0-57] o.s.a.r.l.SimpleMessageListenerContainer : Consumer raised exception, processing can restart if the connection factory supports it. Exception summary: org.springframework.amqp.AmqpConnectException: java.net.ConnectException: Connection refused: getsockopt
2026-04-24T13:17:48.735+08:00  INFO 45844 --- [yujianghuai-boot] [tContainer#0-57] o.s.a.r.l.SimpleMessageListenerContainer : Restarting Consumer@5899d064: tags=[[]], channel=null, acknowledgeMode=AUTO local queue size=0
2026-04-24T13:17:48.736+08:00  INFO 45844 --- [yujianghuai-boot] [tContainer#0-58] o.s.a.r.c.CachingConnectionFactory       : Attempting to connect to: [127.0.0.1:5672]
2026-04-24T13:17:48.738+08:00 ERROR 45844 --- [yujianghuai-boot] [tContainer#0-58] o.s.a.r.l.SimpleMessageListenerContainer : Failed to check/redeclare auto-delete queue(s).
2026-04-24T13:17:48.738+08:00  INFO 45844 --- [yujianghuai-boot] [tContainer#0-58] o.s.a.r.c.CachingConnectionFactory       : Attempting to connect to: [127.0.0.1:5672]
2026-04-24T13:17:53.806+08:00  WARN 45844 --- [yujianghuai-boot] [tContainer#0-58] o.s.a.r.l.SimpleMessageListenerContainer : Consumer raised exception, processing can restart if the connection factory supports it. Exception summary: org.springframework.amqp.AmqpConnectException: java.net.ConnectException: Connection refused: getsockopt
2026-04-24T13:17:53.807+08:00  INFO 45844 --- [yujianghuai-boot] [tContainer#0-58] o.s.a.r.l.SimpleMessageListenerContainer : Restarting Consumer@3e42f7c3: tags=[[]], channel=null, acknowledgeMode=AUTO local queue size=0
2026-04-24T13:17:53.809+08:00  INFO 45844 --- [yujianghuai-boot] [tContainer#0-59] o.s.a.r.c.CachingConnectionFactory       : Attempting to connect to: [127.0.0.1:5672]
2026-04-24T13:17:53.822+08:00 ERROR 45844 --- [yujianghuai-boot] [tContainer#0-59] o.s.a.r.l.SimpleMessageListenerContainer : Failed to check/redeclare auto-delete queue(s).
2026-04-24T13:17:53.823+08:00  INFO 45844 --- [yujianghuai-boot] [tContainer#0-59] o.s.a.r.c.CachingConnectionFactory       : Attempting to connect to: [127.0.0.1:5672]
2026-04-24T13:17:58.988+08:00  WARN 45844 --- [yujianghuai-boot] [tContainer#0-59] o.s.a.r.l.SimpleMessageListenerContainer : Consumer raised exception, processing can restart if the connection factory supports it. Exception summary: org.springframework.amqp.AmqpConnectException: java.net.ConnectException: Connection refused: getsockopt
2026-04-24T13:17:58.989+08:00  INFO 45844 --- [yujianghuai-boot] [tContainer#0-59] o.s.a.r.l.SimpleMessageListenerContainer : Restarting Consumer@2f35f004: tags=[[]], channel=null, acknowledgeMode=AUTO local queue size=0
2026-04-24T13:17:58.990+08:00  INFO 45844 --- [yujianghuai-boot] [tContainer#0-60] o.s.a.r.c.CachingConnectionFactory       : Attempting to connect to: [127.0.0.1:5672]
2026-04-24T13:17:59.004+08:00 ERROR 45844 --- [yujianghuai-boot] [tContainer#0-60] o.s.a.r.l.SimpleMessageListenerContainer : Failed to check/redeclare auto-delete queue(s).
2026-04-24T13:17:59.005+08:00  INFO 45844 --- [yujianghuai-boot] [tContainer#0-60] o.s.a.r.c.CachingConnectionFactory       : Attempting to connect to: [127.0.0.1:5672]
2026-04-24T13:18:04.029+08:00  WARN 45844 --- [yujianghuai-boot] [tContainer#0-60] o.s.a.r.l.SimpleMessageListenerContainer : Consumer raised exception, processing can restart if the connection factory supports it. Exception summary: org.springframework.amqp.AmqpConnectException: java.net.ConnectException: Connection refused: getsockopt
2026-04-24T13:18:04.029+08:00  INFO 45844 --- [yujianghuai-boot] [tContainer#0-60] o.s.a.r.l.SimpleMessageListenerContainer : Restarting Consumer@1c16c64b: tags=[[]], channel=null, acknowledgeMode=AUTO local queue size=0
2026-04-24T13:18:04.031+08:00  INFO 45844 --- [yujianghuai-boot] [tContainer#0-61] o.s.a.r.c.CachingConnectionFactory       : Attempting to connect to: [127.0.0.1:5672]
2026-04-24T13:18:04.032+08:00 ERROR 45844 --- [yujianghuai-boot] [tContainer#0-61] o.s.a.r.l.SimpleMessageListenerContainer : Failed to check/redeclare auto-delete queue(s).
2026-04-24T13:18:04.033+08:00  INFO 45844 --- [yujianghuai-boot] [tContainer#0-61] o.s.a.r.c.CachingConnectionFactory       : Attempting to connect to: [127.0.0.1:5672]
2026-04-24T13:18:09.048+08:00  WARN 45844 --- [yujianghuai-boot] [tContainer#0-61] o.s.a.r.l.SimpleMessageListenerContainer : Consumer raised exception, processing can restart if the connection factory supports it. Exception summary: org.springframework.amqp.AmqpConnectException: java.net.ConnectException: Connection refused: getsockopt
2026-04-24T13:18:09.049+08:00  INFO 45844 --- [yujianghuai-boot] [tContainer#0-61] o.s.a.r.l.SimpleMessageListenerContainer : Restarting Consumer@18858fc: tags=[[]], channel=null, acknowledgeMode=AUTO local queue size=0
2026-04-24T13:18:09.051+08:00  INFO 45844 --- [yujianghuai-boot] [tContainer#0-62] o.s.a.r.c.CachingConnectionFactory       : Attempting to connect to: [127.0.0.1:5672]
2026-04-24T13:18:09.052+08:00 ERROR 45844 --- [yujianghuai-boot] [tContainer#0-62] o.s.a.r.l.SimpleMessageListenerContainer : Failed to check/redeclare auto-delete queue(s).
2026-04-24T13:18:09.053+08:00  INFO 45844 --- [yujianghuai-boot] [tContainer#0-62] o.s.a.r.c.CachingConnectionFactory       : Attempting to connect to: [127.0.0.1:5672]
2026-04-24T13:18:14.255+08:00  WARN 45844 --- [yujianghuai-boot] [tContainer#0-62] o.s.a.r.l.SimpleMessageListenerContainer : Consumer raised exception, processing can restart if the connection factory supports it. Exception summary: org.springframework.amqp.AmqpConnectException: java.net.ConnectException: Connection refused: getsockopt
2026-04-24T13:18:14.255+08:00  INFO 45844 --- [yujianghuai-boot] [tContainer#0-62] o.s.a.r.l.SimpleMessageListenerContainer : Restarting Consumer@360ebce1: tags=[[]], channel=null, acknowledgeMode=AUTO local queue size=0
2026-04-24T13:18:14.257+08:00  INFO 45844 --- [yujianghuai-boot] [tContainer#0-63] o.s.a.r.c.CachingConnectionFactory       : Attempting to connect to: [127.0.0.1:5672]
2026-04-24T13:18:14.259+08:00 ERROR 45844 --- [yujianghuai-boot] [tContainer#0-63] o.s.a.r.l.SimpleMessageListenerContainer : Failed to check/redeclare auto-delete queue(s).
2026-04-24T13:18:14.259+08:00  INFO 45844 --- [yujianghuai-boot] [tContainer#0-63] o.s.a.r.c.CachingConnectionFactory       : Attempting to connect to: [127.0.0.1:5672]
2026-04-24T13:18:19.286+08:00  WARN 45844 --- [yujianghuai-boot] [tContainer#0-63] o.s.a.r.l.SimpleMessageListenerContainer : Consumer raised exception, processing can restart if the connection factory supports it. Exception summary: org.springframework.amqp.AmqpConnectException: java.net.ConnectException: Connection refused: getsockopt
2026-04-24T13:18:19.290+08:00  INFO 45844 --- [yujianghuai-boot] [tContainer#0-63] o.s.a.r.l.SimpleMessageListenerContainer : Restarting Consumer@1cc27194: tags=[[]], channel=null, acknowledgeMode=AUTO local queue size=0
2026-04-24T13:18:19.296+08:00  INFO 45844 --- [yujianghuai-boot] [tContainer#0-64] o.s.a.r.c.CachingConnectionFactory       : Attempting to connect to: [127.0.0.1:5672]
2026-04-24T13:18:19.301+08:00 ERROR 45844 --- [yujianghuai-boot] [tContainer#0-64] o.s.a.r.l.SimpleMessageListenerContainer : Failed to check/redeclare auto-delete queue(s).
2026-04-24T13:18:19.303+08:00  INFO 45844 --- [yujianghuai-boot] [tContainer#0-64] o.s.a.r.c.CachingConnectionFactory       : Attempting to connect to: [127.0.0.1:5672]
2026-04-24T13:18:24.466+08:00  WARN 45844 --- [yujianghuai-boot] [tContainer#0-64] o.s.a.r.l.SimpleMessageListenerContainer : Consumer raised exception, processing can restart if the connection factory supports it. Exception summary: org.springframework.amqp.AmqpConnectException: java.net.ConnectException: Connection refused: getsockopt
2026-04-24T13:18:24.467+08:00  INFO 45844 --- [yujianghuai-boot] [tContainer#0-64] o.s.a.r.l.SimpleMessageListenerContainer : Restarting Consumer@449db750: tags=[[]], channel=null, acknowledgeMode=AUTO local queue size=0
2026-04-24T13:18:24.469+08:00  INFO 45844 --- [yujianghuai-boot] [tContainer#0-65] o.s.a.r.c.CachingConnectionFactory       : Attempting to connect to: [127.0.0.1:5672]
2026-04-24T13:18:24.470+08:00 ERROR 45844 --- [yujianghuai-boot] [tContainer#0-65] o.s.a.r.l.SimpleMessageListenerContainer : Failed to check/redeclare auto-delete queue(s).
2026-04-24T13:18:24.470+08:00  INFO 45844 --- [yujianghuai-boot] [tContainer#0-65] o.s.a.r.c.CachingConnectionFactory       : Attempting to connect to: [127.0.0.1:5672]
2026-04-24T13:18:29.536+08:00  WARN 45844 --- [yujianghuai-boot] [tContainer#0-65] o.s.a.r.l.SimpleMessageListenerContainer : Consumer raised exception, processing can restart if the connection factory supports it. Exception summary: org.springframework.amqp.AmqpConnectException: java.net.ConnectException: Connection refused: getsockopt
2026-04-24T13:18:29.536+08:00  INFO 45844 --- [yujianghuai-boot] [tContainer#0-65] o.s.a.r.l.SimpleMessageListenerContainer : Restarting Consumer@14e197bf: tags=[[]], channel=null, acknowledgeMode=AUTO local queue size=0
2026-04-24T13:18:29.538+08:00  INFO 45844 --- [yujianghuai-boot] [tContainer#0-66] o.s.a.r.c.CachingConnectionFactory       : Attempting to connect to: [127.0.0.1:5672]
2026-04-24T13:18:29.539+08:00 ERROR 45844 --- [yujianghuai-boot] [tContainer#0-66] o.s.a.r.l.SimpleMessageListenerContainer : Failed to check/redeclare auto-delete queue(s).
2026-04-24T13:18:29.539+08:00  INFO 45844 --- [yujianghuai-boot] [tContainer#0-66] o.s.a.r.c.CachingConnectionFactory       : Attempting to connect to: [127.0.0.1:5672]
2026-04-24T13:18:34.569+08:00  WARN 45844 --- [yujianghuai-boot] [tContainer#0-66] o.s.a.r.l.SimpleMessageListenerContainer : Consumer raised exception, processing can restart if the connection factory supports it. Exception summary: org.springframework.amqp.AmqpConnectException: java.net.ConnectException: Connection refused: getsockopt
2026-04-24T13:18:34.570+08:00  INFO 45844 --- [yujianghuai-boot] [tContainer#0-66] o.s.a.r.l.SimpleMessageListenerContainer : Restarting Consumer@23b941f2: tags=[[]], channel=null, acknowledgeMode=AUTO local queue size=0
2026-04-24T13:18:34.571+08:00  INFO 45844 --- [yujianghuai-boot] [tContainer#0-67] o.s.a.r.c.CachingConnectionFactory       : Attempting to connect to: [127.0.0.1:5672]
2026-04-24T13:18:34.572+08:00 ERROR 45844 --- [yujianghuai-boot] [tContainer#0-67] o.s.a.r.l.SimpleMessageListenerContainer : Failed to check/redeclare auto-delete queue(s).
2026-04-24T13:18:34.572+08:00  INFO 45844 --- [yujianghuai-boot] [tContainer#0-67] o.s.a.r.c.CachingConnectionFactory       : Attempting to connect to: [127.0.0.1:5672]
2026-04-24T13:18:39.594+08:00  WARN 45844 --- [yujianghuai-boot] [tContainer#0-67] o.s.a.r.l.SimpleMessageListenerContainer : Consumer raised exception, processing can restart if the connection factory supports it. Exception summary: org.springframework.amqp.AmqpConnectException: java.net.ConnectException: Connection refused: getsockopt
2026-04-24T13:18:39.595+08:00  INFO 45844 --- [yujianghuai-boot] [tContainer#0-67] o.s.a.r.l.SimpleMessageListenerContainer : Restarting Consumer@7a95105e: tags=[[]], channel=null, acknowledgeMode=AUTO local queue size=0
2026-04-24T13:18:39.597+08:00  INFO 45844 --- [yujianghuai-boot] [tContainer#0-68] o.s.a.r.c.CachingConnectionFactory       : Attempting to connect to: [127.0.0.1:5672]
2026-04-24T13:18:39.610+08:00 ERROR 45844 --- [yujianghuai-boot] [tContainer#0-68] o.s.a.r.l.SimpleMessageListenerContainer : Failed to check/redeclare auto-delete queue(s).
2026-04-24T13:18:39.611+08:00  INFO 45844 --- [yujianghuai-boot] [tContainer#0-68] o.s.a.r.c.CachingConnectionFactory       : Attempting to connect to: [127.0.0.1:5672]
2026-04-24T13:18:44.626+08:00  WARN 45844 --- [yujianghuai-boot] [tContainer#0-68] o.s.a.r.l.SimpleMessageListenerContainer : Consumer raised exception, processing can restart if the connection factory supports it. Exception summary: org.springframework.amqp.AmqpConnectException: java.net.ConnectException: Connection refused: getsockopt
2026-04-24T13:18:44.626+08:00  INFO 45844 --- [yujianghuai-boot] [tContainer#0-68] o.s.a.r.l.SimpleMessageListenerContainer : Restarting Consumer@5a5c35aa: tags=[[]], channel=null, acknowledgeMode=AUTO local queue size=0
2026-04-24T13:18:44.628+08:00  INFO 45844 --- [yujianghuai-boot] [tContainer#0-69] o.s.a.r.c.CachingConnectionFactory       : Attempting to connect to: [127.0.0.1:5672]
2026-04-24T13:18:44.629+08:00 ERROR 45844 --- [yujianghuai-boot] [tContainer#0-69] o.s.a.r.l.SimpleMessageListenerContainer : Failed to check/redeclare auto-delete queue(s).
2026-04-24T13:18:44.629+08:00  INFO 45844 --- [yujianghuai-boot] [tContainer#0-69] o.s.a.r.c.CachingConnectionFactory       : Attempting to connect to: [127.0.0.1:5672]
2026-04-24T13:18:49.774+08:00  WARN 45844 --- [yujianghuai-boot] [tContainer#0-69] o.s.a.r.l.SimpleMessageListenerContainer : Consumer raised exception, processing can restart if the connection factory supports it. Exception summary: org.springframework.amqp.AmqpConnectException: java.net.ConnectException: Connection refused: getsockopt
2026-04-24T13:18:49.774+08:00  INFO 45844 --- [yujianghuai-boot] [tContainer#0-69] o.s.a.r.l.SimpleMessageListenerContainer : Restarting Consumer@70d62f95: tags=[[]], channel=null, acknowledgeMode=AUTO local queue size=0
2026-04-24T13:18:49.776+08:00  INFO 45844 --- [yujianghuai-boot] [tContainer#0-70] o.s.a.r.c.CachingConnectionFactory       : Attempting to connect to: [127.0.0.1:5672]
2026-04-24T13:18:49.777+08:00 ERROR 45844 --- [yujianghuai-boot] [tContainer#0-70] o.s.a.r.l.SimpleMessageListenerContainer : Failed to check/redeclare auto-delete queue(s).
2026-04-24T13:18:49.778+08:00  INFO 45844 --- [yujianghuai-boot] [tContainer#0-70] o.s.a.r.c.CachingConnectionFactory       : Attempting to connect to: [127.0.0.1:5672]
2026-04-24T13:18:54.795+08:00  WARN 45844 --- [yujianghuai-boot] [tContainer#0-70] o.s.a.r.l.SimpleMessageListenerContainer : Consumer raised exception, processing can restart if the connection factory supports it. Exception summary: org.springframework.amqp.AmqpConnectException: java.net.ConnectException: Connection refused: getsockopt
2026-04-24T13:18:54.796+08:00  INFO 45844 --- [yujianghuai-boot] [tContainer#0-70] o.s.a.r.l.SimpleMessageListenerContainer : Restarting Consumer@4f2f1a5b: tags=[[]], channel=null, acknowledgeMode=AUTO local queue size=0
2026-04-24T13:18:54.797+08:00  INFO 45844 --- [yujianghuai-boot] [tContainer#0-71] o.s.a.r.c.CachingConnectionFactory       : Attempting to connect to: [127.0.0.1:5672]
2026-04-24T13:18:54.799+08:00 ERROR 45844 --- [yujianghuai-boot] [tContainer#0-71] o.s.a.r.l.SimpleMessageListenerContainer : Failed to check/redeclare auto-delete queue(s).
2026-04-24T13:18:54.799+08:00  INFO 45844 --- [yujianghuai-boot] [tContainer#0-71] o.s.a.r.c.CachingConnectionFactory       : Attempting to connect to: [127.0.0.1:5672]
2026-04-24T13:18:59.985+08:00  WARN 45844 --- [yujianghuai-boot] [tContainer#0-71] o.s.a.r.l.SimpleMessageListenerContainer : Consumer raised exception, processing can restart if the connection factory supports it. Exception summary: org.springframework.amqp.AmqpConnectException: java.net.ConnectException: Connection refused: getsockopt
2026-04-24T13:18:59.986+08:00  INFO 45844 --- [yujianghuai-boot] [tContainer#0-71] o.s.a.r.l.SimpleMessageListenerContainer : Restarting Consumer@18201c73: tags=[[]], channel=null, acknowledgeMode=AUTO local queue size=0
2026-04-24T13:18:59.987+08:00  INFO 45844 --- [yujianghuai-boot] [tContainer#0-72] o.s.a.r.c.CachingConnectionFactory       : Attempting to connect to: [127.0.0.1:5672]
2026-04-24T13:18:59.989+08:00 ERROR 45844 --- [yujianghuai-boot] [tContainer#0-72] o.s.a.r.l.SimpleMessageListenerContainer : Failed to check/redeclare auto-delete queue(s).
2026-04-24T13:18:59.989+08:00  INFO 45844 --- [yujianghuai-boot] [tContainer#0-72] o.s.a.r.c.CachingConnectionFactory       : Attempting to connect to: [127.0.0.1:5672]
2026-04-24T13:19:05.086+08:00  WARN 45844 --- [yujianghuai-boot] [tContainer#0-72] o.s.a.r.l.SimpleMessageListenerContainer : Consumer raised exception, processing can restart if the connection factory supports it. Exception summary: org.springframework.amqp.AmqpConnectException: java.net.ConnectException: Connection refused: getsockopt
2026-04-24T13:19:05.086+08:00  INFO 45844 --- [yujianghuai-boot] [tContainer#0-72] o.s.a.r.l.SimpleMessageListenerContainer : Restarting Consumer@5f9f5955: tags=[[]], channel=null, acknowledgeMode=AUTO local queue size=0
2026-04-24T13:19:05.088+08:00  INFO 45844 --- [yujianghuai-boot] [tContainer#0-73] o.s.a.r.c.CachingConnectionFactory       : Attempting to connect to: [127.0.0.1:5672]
2026-04-24T13:19:05.089+08:00 ERROR 45844 --- [yujianghuai-boot] [tContainer#0-73] o.s.a.r.l.SimpleMessageListenerContainer : Failed to check/redeclare auto-delete queue(s).
2026-04-24T13:19:05.090+08:00  INFO 45844 --- [yujianghuai-boot] [tContainer#0-73] o.s.a.r.c.CachingConnectionFactory       : Attempting to connect to: [127.0.0.1:5672]
2026-04-24T13:19:10.146+08:00  WARN 45844 --- [yujianghuai-boot] [tContainer#0-73] o.s.a.r.l.SimpleMessageListenerContainer : Consumer raised exception, processing can restart if the connection factory supports it. Exception summary: org.springframework.amqp.AmqpConnectException: java.net.ConnectException: Connection refused: getsockopt
2026-04-24T13:19:10.147+08:00  INFO 45844 --- [yujianghuai-boot] [tContainer#0-73] o.s.a.r.l.SimpleMessageListenerContainer : Restarting Consumer@51789a4f: tags=[[]], channel=null, acknowledgeMode=AUTO local queue size=0
2026-04-24T13:19:10.148+08:00  INFO 45844 --- [yujianghuai-boot] [tContainer#0-74] o.s.a.r.c.CachingConnectionFactory       : Attempting to connect to: [127.0.0.1:5672]
2026-04-24T13:19:10.149+08:00 ERROR 45844 --- [yujianghuai-boot] [tContainer#0-74] o.s.a.r.l.SimpleMessageListenerContainer : Failed to check/redeclare auto-delete queue(s).
2026-04-24T13:19:10.150+08:00  INFO 45844 --- [yujianghuai-boot] [tContainer#0-74] o.s.a.r.c.CachingConnectionFactory       : Attempting to connect to: [127.0.0.1:5672]
2026-04-24T13:19:15.302+08:00  WARN 45844 --- [yujianghuai-boot] [tContainer#0-74] o.s.a.r.l.SimpleMessageListenerContainer : Consumer raised exception, processing can restart if the connection factory supports it. Exception summary: org.springframework.amqp.AmqpConnectException: java.net.ConnectException: Connection refused: getsockopt
2026-04-24T13:19:15.302+08:00  INFO 45844 --- [yujianghuai-boot] [tContainer#0-74] o.s.a.r.l.SimpleMessageListenerContainer : Restarting Consumer@2a49b1b8: tags=[[]], channel=null, acknowledgeMode=AUTO local queue size=0
2026-04-24T13:19:15.304+08:00  INFO 45844 --- [yujianghuai-boot] [tContainer#0-75] o.s.a.r.c.CachingConnectionFactory       : Attempting to connect to: [127.0.0.1:5672]
2026-04-24T13:19:15.306+08:00 ERROR 45844 --- [yujianghuai-boot] [tContainer#0-75] o.s.a.r.l.SimpleMessageListenerContainer : Failed to check/redeclare auto-delete queue(s).
2026-04-24T13:19:15.306+08:00  INFO 45844 --- [yujianghuai-boot] [tContainer#0-75] o.s.a.r.c.CachingConnectionFactory       : Attempting to connect to: [127.0.0.1:5672]
2026-04-24T13:19:20.506+08:00  WARN 45844 --- [yujianghuai-boot] [tContainer#0-75] o.s.a.r.l.SimpleMessageListenerContainer : Consumer raised exception, processing can restart if the connection factory supports it. Exception summary: org.springframework.amqp.AmqpConnectException: java.net.ConnectException: Connection refused: getsockopt
2026-04-24T13:19:20.507+08:00  INFO 45844 --- [yujianghuai-boot] [tContainer#0-75] o.s.a.r.l.SimpleMessageListenerContainer : Restarting Consumer@3942a284: tags=[[]], channel=null, acknowledgeMode=AUTO local queue size=0
2026-04-24T13:19:20.508+08:00  INFO 45844 --- [yujianghuai-boot] [tContainer#0-76] o.s.a.r.c.CachingConnectionFactory       : Attempting to connect to: [127.0.0.1:5672]
2026-04-24T13:19:20.509+08:00 ERROR 45844 --- [yujianghuai-boot] [tContainer#0-76] o.s.a.r.l.SimpleMessageListenerContainer : Failed to check/redeclare auto-delete queue(s).
2026-04-24T13:19:20.510+08:00  INFO 45844 --- [yujianghuai-boot] [tContainer#0-76] o.s.a.r.c.CachingConnectionFactory       : Attempting to connect to: [127.0.0.1:5672]
2026-04-24T13:19:25.633+08:00  WARN 45844 --- [yujianghuai-boot] [tContainer#0-76] o.s.a.r.l.SimpleMessageListenerContainer : Consumer raised exception, processing can restart if the connection factory supports it. Exception summary: org.springframework.amqp.AmqpConnectException: java.net.ConnectException: Connection refused: getsockopt
2026-04-24T13:19:25.634+08:00  INFO 45844 --- [yujianghuai-boot] [tContainer#0-76] o.s.a.r.l.SimpleMessageListenerContainer : Restarting Consumer@3da90ff8: tags=[[]], channel=null, acknowledgeMode=AUTO local queue size=0
2026-04-24T13:19:25.635+08:00  INFO 45844 --- [yujianghuai-boot] [tContainer#0-77] o.s.a.r.c.CachingConnectionFactory       : Attempting to connect to: [127.0.0.1:5672]
2026-04-24T13:19:25.636+08:00 ERROR 45844 --- [yujianghuai-boot] [tContainer#0-77] o.s.a.r.l.SimpleMessageListenerContainer : Failed to check/redeclare auto-delete queue(s).
2026-04-24T13:19:25.637+08:00  INFO 45844 --- [yujianghuai-boot] [tContainer#0-77] o.s.a.r.c.CachingConnectionFactory       : Attempting to connect to: [127.0.0.1:5672]
2026-04-24T13:19:30.643+08:00  WARN 45844 --- [yujianghuai-boot] [tContainer#0-77] o.s.a.r.l.SimpleMessageListenerContainer : Consumer raised exception, processing can restart if the connection factory supports it. Exception summary: org.springframework.amqp.AmqpConnectException: java.net.ConnectException: Connection refused: getsockopt
2026-04-24T13:19:30.644+08:00  INFO 45844 --- [yujianghuai-boot] [tContainer#0-77] o.s.a.r.l.SimpleMessageListenerContainer : Restarting Consumer@4c1e375d: tags=[[]], channel=null, acknowledgeMode=AUTO local queue size=0
2026-04-24T13:19:30.646+08:00  INFO 45844 --- [yujianghuai-boot] [tContainer#0-78] o.s.a.r.c.CachingConnectionFactory       : Attempting to connect to: [127.0.0.1:5672]
2026-04-24T13:19:30.658+08:00 ERROR 45844 --- [yujianghuai-boot] [tContainer#0-78] o.s.a.r.l.SimpleMessageListenerContainer : Failed to check/redeclare auto-delete queue(s).
2026-04-24T13:19:30.659+08:00  INFO 45844 --- [yujianghuai-boot] [tContainer#0-78] o.s.a.r.c.CachingConnectionFactory       : Attempting to connect to: [127.0.0.1:5672]
2026-04-24T13:19:35.663+08:00  WARN 45844 --- [yujianghuai-boot] [tContainer#0-78] o.s.a.r.l.SimpleMessageListenerContainer : Consumer raised exception, processing can restart if the connection factory supports it. Exception summary: org.springframework.amqp.AmqpConnectException: java.net.ConnectException: Connection refused: getsockopt
2026-04-24T13:19:35.664+08:00  INFO 45844 --- [yujianghuai-boot] [tContainer#0-78] o.s.a.r.l.SimpleMessageListenerContainer : Restarting Consumer@3daa4db9: tags=[[]], channel=null, acknowledgeMode=AUTO local queue size=0
2026-04-24T13:19:35.665+08:00  INFO 45844 --- [yujianghuai-boot] [tContainer#0-79] o.s.a.r.c.CachingConnectionFactory       : Attempting to connect to: [127.0.0.1:5672]
2026-04-24T13:19:35.666+08:00 ERROR 45844 --- [yujianghuai-boot] [tContainer#0-79] o.s.a.r.l.SimpleMessageListenerContainer : Failed to check/redeclare auto-delete queue(s).
2026-04-24T13:19:35.667+08:00  INFO 45844 --- [yujianghuai-boot] [tContainer#0-79] o.s.a.r.c.CachingConnectionFactory       : Attempting to connect to: [127.0.0.1:5672]
2026-04-24T13:19:40.825+08:00  WARN 45844 --- [yujianghuai-boot] [tContainer#0-79] o.s.a.r.l.SimpleMessageListenerContainer : Consumer raised exception, processing can restart if the connection factory supports it. Exception summary: org.springframework.amqp.AmqpConnectException: java.net.ConnectException: Connection refused: getsockopt
2026-04-24T13:19:40.826+08:00  INFO 45844 --- [yujianghuai-boot] [tContainer#0-79] o.s.a.r.l.SimpleMessageListenerContainer : Restarting Consumer@498106eb: tags=[[]], channel=null, acknowledgeMode=AUTO local queue size=0
2026-04-24T13:19:40.828+08:00  INFO 45844 --- [yujianghuai-boot] [tContainer#0-80] o.s.a.r.c.CachingConnectionFactory       : Attempting to connect to: [127.0.0.1:5672]
2026-04-24T13:19:40.829+08:00 ERROR 45844 --- [yujianghuai-boot] [tContainer#0-80] o.s.a.r.l.SimpleMessageListenerContainer : Failed to check/redeclare auto-delete queue(s).
2026-04-24T13:19:40.829+08:00  INFO 45844 --- [yujianghuai-boot] [tContainer#0-80] o.s.a.r.c.CachingConnectionFactory       : Attempting to connect to: [127.0.0.1:5672]
2026-04-24T13:19:46.014+08:00  WARN 45844 --- [yujianghuai-boot] [tContainer#0-80] o.s.a.r.l.SimpleMessageListenerContainer : Consumer raised exception, processing can restart if the connection factory supports it. Exception summary: org.springframework.amqp.AmqpConnectException: java.net.ConnectException: Connection refused: getsockopt
2026-04-24T13:19:46.014+08:00  INFO 45844 --- [yujianghuai-boot] [tContainer#0-80] o.s.a.r.l.SimpleMessageListenerContainer : Restarting Consumer@2258c1c0: tags=[[]], channel=null, acknowledgeMode=AUTO local queue size=0
2026-04-24T13:19:46.016+08:00  INFO 45844 --- [yujianghuai-boot] [tContainer#0-81] o.s.a.r.c.CachingConnectionFactory       : Attempting to connect to: [127.0.0.1:5672]
2026-04-24T13:19:46.018+08:00 ERROR 45844 --- [yujianghuai-boot] [tContainer#0-81] o.s.a.r.l.SimpleMessageListenerContainer : Failed to check/redeclare auto-delete queue(s).
2026-04-24T13:19:46.020+08:00  INFO 45844 --- [yujianghuai-boot] [tContainer#0-81] o.s.a.r.c.CachingConnectionFactory       : Attempting to connect to: [127.0.0.1:5672]
2026-04-24T13:19:51.209+08:00  WARN 45844 --- [yujianghuai-boot] [tContainer#0-81] o.s.a.r.l.SimpleMessageListenerContainer : Consumer raised exception, processing can restart if the connection factory supports it. Exception summary: org.springframework.amqp.AmqpConnectException: java.net.ConnectException: Connection refused: getsockopt
2026-04-24T13:19:51.214+08:00  INFO 45844 --- [yujianghuai-boot] [tContainer#0-81] o.s.a.r.l.SimpleMessageListenerContainer : Restarting Consumer@3b56c3b6: tags=[[]], channel=null, acknowledgeMode=AUTO local queue size=0
2026-04-24T13:19:51.217+08:00  INFO 45844 --- [yujianghuai-boot] [tContainer#0-82] o.s.a.r.c.CachingConnectionFactory       : Attempting to connect to: [127.0.0.1:5672]
2026-04-24T13:19:51.220+08:00 ERROR 45844 --- [yujianghuai-boot] [tContainer#0-82] o.s.a.r.l.SimpleMessageListenerContainer : Failed to check/redeclare auto-delete queue(s).
2026-04-24T13:19:51.220+08:00  INFO 45844 --- [yujianghuai-boot] [tContainer#0-82] o.s.a.r.c.CachingConnectionFactory       : Attempting to connect to: [127.0.0.1:5672]
2026-04-24T13:19:56.358+08:00  WARN 45844 --- [yujianghuai-boot] [tContainer#0-82] o.s.a.r.l.SimpleMessageListenerContainer : Consumer raised exception, processing can restart if the connection factory supports it. Exception summary: org.springframework.amqp.AmqpConnectException: java.net.ConnectException: Connection refused: getsockopt
2026-04-24T13:19:56.359+08:00  INFO 45844 --- [yujianghuai-boot] [tContainer#0-82] o.s.a.r.l.SimpleMessageListenerContainer : Restarting Consumer@16f3c8cf: tags=[[]], channel=null, acknowledgeMode=AUTO local queue size=0
2026-04-24T13:19:56.360+08:00  INFO 45844 --- [yujianghuai-boot] [tContainer#0-83] o.s.a.r.c.CachingConnectionFactory       : Attempting to connect to: [127.0.0.1:5672]
2026-04-24T13:19:56.362+08:00 ERROR 45844 --- [yujianghuai-boot] [tContainer#0-83] o.s.a.r.l.SimpleMessageListenerContainer : Failed to check/redeclare auto-delete queue(s).
2026-04-24T13:19:56.362+08:00  INFO 45844 --- [yujianghuai-boot] [tContainer#0-83] o.s.a.r.c.CachingConnectionFactory       : Attempting to connect to: [127.0.0.1:5672]
2026-04-24T13:20:01.510+08:00  WARN 45844 --- [yujianghuai-boot] [tContainer#0-83] o.s.a.r.l.SimpleMessageListenerContainer : Consumer raised exception, processing can restart if the connection factory supports it. Exception summary: org.springframework.amqp.AmqpConnectException: java.net.ConnectException: Connection refused: getsockopt
2026-04-24T13:20:01.511+08:00  INFO 45844 --- [yujianghuai-boot] [tContainer#0-83] o.s.a.r.l.SimpleMessageListenerContainer : Restarting Consumer@70862d39: tags=[[]], channel=null, acknowledgeMode=AUTO local queue size=0
2026-04-24T13:20:01.513+08:00  INFO 45844 --- [yujianghuai-boot] [tContainer#0-84] o.s.a.r.c.CachingConnectionFactory       : Attempting to connect to: [127.0.0.1:5672]
2026-04-24T13:20:01.527+08:00 ERROR 45844 --- [yujianghuai-boot] [tContainer#0-84] o.s.a.r.l.SimpleMessageListenerContainer : Failed to check/redeclare auto-delete queue(s).
2026-04-24T13:20:01.529+08:00  INFO 45844 --- [yujianghuai-boot] [tContainer#0-84] o.s.a.r.c.CachingConnectionFactory       : Attempting to connect to: [127.0.0.1:5672]
2026-04-24T13:20:06.673+08:00  WARN 45844 --- [yujianghuai-boot] [tContainer#0-84] o.s.a.r.l.SimpleMessageListenerContainer : Consumer raised exception, processing can restart if the connection factory supports it. Exception summary: org.springframework.amqp.AmqpConnectException: java.net.ConnectException: Connection refused: getsockopt
2026-04-24T13:20:06.674+08:00  INFO 45844 --- [yujianghuai-boot] [tContainer#0-84] o.s.a.r.l.SimpleMessageListenerContainer : Restarting Consumer@33a0691e: tags=[[]], channel=null, acknowledgeMode=AUTO local queue size=0
2026-04-24T13:20:06.676+08:00  INFO 45844 --- [yujianghuai-boot] [tContainer#0-85] o.s.a.r.c.CachingConnectionFactory       : Attempting to connect to: [127.0.0.1:5672]
2026-04-24T13:20:06.678+08:00 ERROR 45844 --- [yujianghuai-boot] [tContainer#0-85] o.s.a.r.l.SimpleMessageListenerContainer : Failed to check/redeclare auto-delete queue(s).
2026-04-24T13:20:06.679+08:00  INFO 45844 --- [yujianghuai-boot] [tContainer#0-85] o.s.a.r.c.CachingConnectionFactory       : Attempting to connect to: [127.0.0.1:5672]
2026-04-24T13:20:11.710+08:00  WARN 45844 --- [yujianghuai-boot] [tContainer#0-85] o.s.a.r.l.SimpleMessageListenerContainer : Consumer raised exception, processing can restart if the connection factory supports it. Exception summary: org.springframework.amqp.AmqpConnectException: java.net.ConnectException: Connection refused: getsockopt
2026-04-24T13:20:11.711+08:00  INFO 45844 --- [yujianghuai-boot] [tContainer#0-85] o.s.a.r.l.SimpleMessageListenerContainer : Restarting Consumer@70f1443c: tags=[[]], channel=null, acknowledgeMode=AUTO local queue size=0
2026-04-24T13:20:11.712+08:00  INFO 45844 --- [yujianghuai-boot] [tContainer#0-86] o.s.a.r.c.CachingConnectionFactory       : Attempting to connect to: [127.0.0.1:5672]
2026-04-24T13:20:11.714+08:00 ERROR 45844 --- [yujianghuai-boot] [tContainer#0-86] o.s.a.r.l.SimpleMessageListenerContainer : Failed to check/redeclare auto-delete queue(s).
2026-04-24T13:20:11.715+08:00  INFO 45844 --- [yujianghuai-boot] [tContainer#0-86] o.s.a.r.c.CachingConnectionFactory       : Attempting to connect to: [127.0.0.1:5672]
2026-04-24T13:20:16.720+08:00  WARN 45844 --- [yujianghuai-boot] [tContainer#0-86] o.s.a.r.l.SimpleMessageListenerContainer : Consumer raised exception, processing can restart if the connection factory supports it. Exception summary: org.springframework.amqp.AmqpConnectException: java.net.ConnectException: Connection refused: getsockopt
2026-04-24T13:20:16.721+08:00  INFO 45844 --- [yujianghuai-boot] [tContainer#0-86] o.s.a.r.l.SimpleMessageListenerContainer : Restarting Consumer@5fb03401: tags=[[]], channel=null, acknowledgeMode=AUTO local queue size=0
2026-04-24T13:20:16.723+08:00  INFO 45844 --- [yujianghuai-boot] [tContainer#0-87] o.s.a.r.c.CachingConnectionFactory       : Attempting to connect to: [127.0.0.1:5672]
2026-04-24T13:20:16.724+08:00 ERROR 45844 --- [yujianghuai-boot] [tContainer#0-87] o.s.a.r.l.SimpleMessageListenerContainer : Failed to check/redeclare auto-delete queue(s).
2026-04-24T13:20:16.725+08:00  INFO 45844 --- [yujianghuai-boot] [tContainer#0-87] o.s.a.r.c.CachingConnectionFactory       : Attempting to connect to: [127.0.0.1:5672]
2026-04-24T13:20:21.938+08:00  WARN 45844 --- [yujianghuai-boot] [tContainer#0-87] o.s.a.r.l.SimpleMessageListenerContainer : Consumer raised exception, processing can restart if the connection factory supports it. Exception summary: org.springframework.amqp.AmqpConnectException: java.net.ConnectException: Connection refused: getsockopt
2026-04-24T13:20:21.939+08:00  INFO 45844 --- [yujianghuai-boot] [tContainer#0-87] o.s.a.r.l.SimpleMessageListenerContainer : Restarting Consumer@d0eabd8: tags=[[]], channel=null, acknowledgeMode=AUTO local queue size=0
2026-04-24T13:20:21.940+08:00  INFO 45844 --- [yujianghuai-boot] [tContainer#0-88] o.s.a.r.c.CachingConnectionFactory       : Attempting to connect to: [127.0.0.1:5672]
2026-04-24T13:20:21.954+08:00 ERROR 45844 --- [yujianghuai-boot] [tContainer#0-88] o.s.a.r.l.SimpleMessageListenerContainer : Failed to check/redeclare auto-delete queue(s).
2026-04-24T13:20:21.954+08:00  INFO 45844 --- [yujianghuai-boot] [tContainer#0-88] o.s.a.r.c.CachingConnectionFactory       : Attempting to connect to: [127.0.0.1:5672]
2026-04-24T13:20:27.159+08:00  WARN 45844 --- [yujianghuai-boot] [tContainer#0-88] o.s.a.r.l.SimpleMessageListenerContainer : Consumer raised exception, processing can restart if the connection factory supports it. Exception summary: org.springframework.amqp.AmqpConnectException: java.net.ConnectException: Connection refused: getsockopt
2026-04-24T13:20:27.160+08:00  INFO 45844 --- [yujianghuai-boot] [tContainer#0-88] o.s.a.r.l.SimpleMessageListenerContainer : Restarting Consumer@19a59ce3: tags=[[]], channel=null, acknowledgeMode=AUTO local queue size=0
2026-04-24T13:20:27.161+08:00  INFO 45844 --- [yujianghuai-boot] [tContainer#0-89] o.s.a.r.c.CachingConnectionFactory       : Attempting to connect to: [127.0.0.1:5672]
2026-04-24T13:20:27.163+08:00 ERROR 45844 --- [yujianghuai-boot] [tContainer#0-89] o.s.a.r.l.SimpleMessageListenerContainer : Failed to check/redeclare auto-delete queue(s).
2026-04-24T13:20:27.163+08:00  INFO 45844 --- [yujianghuai-boot] [tContainer#0-89] o.s.a.r.c.CachingConnectionFactory       : Attempting to connect to: [127.0.0.1:5672]
2026-04-24T13:20:32.185+08:00  WARN 45844 --- [yujianghuai-boot] [tContainer#0-89] o.s.a.r.l.SimpleMessageListenerContainer : Consumer raised exception, processing can restart if the connection factory supports it. Exception summary: org.springframework.amqp.AmqpConnectException: java.net.ConnectException: Connection refused: getsockopt
2026-04-24T13:20:32.185+08:00  INFO 45844 --- [yujianghuai-boot] [tContainer#0-89] o.s.a.r.l.SimpleMessageListenerContainer : Restarting Consumer@8ccac39: tags=[[]], channel=null, acknowledgeMode=AUTO local queue size=0
2026-04-24T13:20:32.187+08:00  INFO 45844 --- [yujianghuai-boot] [tContainer#0-90] o.s.a.r.c.CachingConnectionFactory       : Attempting to connect to: [127.0.0.1:5672]
2026-04-24T13:20:32.188+08:00 ERROR 45844 --- [yujianghuai-boot] [tContainer#0-90] o.s.a.r.l.SimpleMessageListenerContainer : Failed to check/redeclare auto-delete queue(s).
2026-04-24T13:20:32.188+08:00  INFO 45844 --- [yujianghuai-boot] [tContainer#0-90] o.s.a.r.c.CachingConnectionFactory       : Attempting to connect to: [127.0.0.1:5672]
2026-04-24T13:20:37.352+08:00  WARN 45844 --- [yujianghuai-boot] [tContainer#0-90] o.s.a.r.l.SimpleMessageListenerContainer : Consumer raised exception, processing can restart if the connection factory supports it. Exception summary: org.springframework.amqp.AmqpConnectException: java.net.ConnectException: Connection refused: getsockopt
2026-04-24T13:20:37.353+08:00  INFO 45844 --- [yujianghuai-boot] [tContainer#0-90] o.s.a.r.l.SimpleMessageListenerContainer : Restarting Consumer@4eea615b: tags=[[]], channel=null, acknowledgeMode=AUTO local queue size=0
2026-04-24T13:20:37.354+08:00  INFO 45844 --- [yujianghuai-boot] [tContainer#0-91] o.s.a.r.c.CachingConnectionFactory       : Attempting to connect to: [127.0.0.1:5672]
2026-04-24T13:20:37.355+08:00 ERROR 45844 --- [yujianghuai-boot] [tContainer#0-91] o.s.a.r.l.SimpleMessageListenerContainer : Failed to check/redeclare auto-delete queue(s).
2026-04-24T13:20:37.356+08:00  INFO 45844 --- [yujianghuai-boot] [tContainer#0-91] o.s.a.r.c.CachingConnectionFactory       : Attempting to connect to: [127.0.0.1:5672]
2026-04-24T13:20:42.520+08:00  WARN 45844 --- [yujianghuai-boot] [tContainer#0-91] o.s.a.r.l.SimpleMessageListenerContainer : Consumer raised exception, processing can restart if the connection factory supports it. Exception summary: org.springframework.amqp.AmqpConnectException: java.net.ConnectException: Connection refused: getsockopt
2026-04-24T13:20:42.524+08:00  INFO 45844 --- [yujianghuai-boot] [tContainer#0-91] o.s.a.r.l.SimpleMessageListenerContainer : Restarting Consumer@d3abff2: tags=[[]], channel=null, acknowledgeMode=AUTO local queue size=0
2026-04-24T13:20:42.526+08:00  INFO 45844 --- [yujianghuai-boot] [tContainer#0-92] o.s.a.r.c.CachingConnectionFactory       : Attempting to connect to: [127.0.0.1:5672]
2026-04-24T13:20:42.527+08:00 ERROR 45844 --- [yujianghuai-boot] [tContainer#0-92] o.s.a.r.l.SimpleMessageListenerContainer : Failed to check/redeclare auto-delete queue(s).
2026-04-24T13:20:42.528+08:00  INFO 45844 --- [yujianghuai-boot] [tContainer#0-92] o.s.a.r.c.CachingConnectionFactory       : Attempting to connect to: [127.0.0.1:5672]
2026-04-24T13:20:47.535+08:00  WARN 45844 --- [yujianghuai-boot] [tContainer#0-92] o.s.a.r.l.SimpleMessageListenerContainer : Consumer raised exception, processing can restart if the connection factory supports it. Exception summary: org.springframework.amqp.AmqpConnectException: java.net.ConnectException: Connection refused: getsockopt
2026-04-24T13:20:47.536+08:00  INFO 45844 --- [yujianghuai-boot] [tContainer#0-92] o.s.a.r.l.SimpleMessageListenerContainer : Restarting Consumer@2184450: tags=[[]], channel=null, acknowledgeMode=AUTO local queue size=0
2026-04-24T13:20:47.538+08:00  INFO 45844 --- [yujianghuai-boot] [tContainer#0-93] o.s.a.r.c.CachingConnectionFactory       : Attempting to connect to: [127.0.0.1:5672]
2026-04-24T13:20:47.539+08:00 ERROR 45844 --- [yujianghuai-boot] [tContainer#0-93] o.s.a.r.l.SimpleMessageListenerContainer : Failed to check/redeclare auto-delete queue(s).
2026-04-24T13:20:47.539+08:00  INFO 45844 --- [yujianghuai-boot] [tContainer#0-93] o.s.a.r.c.CachingConnectionFactory       : Attempting to connect to: [127.0.0.1:5672]
2026-04-24T13:20:52.649+08:00  WARN 45844 --- [yujianghuai-boot] [tContainer#0-93] o.s.a.r.l.SimpleMessageListenerContainer : Consumer raised exception, processing can restart if the connection factory supports it. Exception summary: org.springframework.amqp.AmqpConnectException: java.net.ConnectException: Connection refused: getsockopt
2026-04-24T13:20:52.650+08:00  INFO 45844 --- [yujianghuai-boot] [tContainer#0-93] o.s.a.r.l.SimpleMessageListenerContainer : Restarting Consumer@47ea761f: tags=[[]], channel=null, acknowledgeMode=AUTO local queue size=0
2026-04-24T13:20:52.652+08:00  INFO 45844 --- [yujianghuai-boot] [tContainer#0-94] o.s.a.r.c.CachingConnectionFactory       : Attempting to connect to: [127.0.0.1:5672]
2026-04-24T13:20:52.653+08:00 ERROR 45844 --- [yujianghuai-boot] [tContainer#0-94] o.s.a.r.l.SimpleMessageListenerContainer : Failed to check/redeclare auto-delete queue(s).
2026-04-24T13:20:52.654+08:00  INFO 45844 --- [yujianghuai-boot] [tContainer#0-94] o.s.a.r.c.CachingConnectionFactory       : Attempting to connect to: [127.0.0.1:5672]
2026-04-24T13:20:57.800+08:00  WARN 45844 --- [yujianghuai-boot] [tContainer#0-94] o.s.a.r.l.SimpleMessageListenerContainer : Consumer raised exception, processing can restart if the connection factory supports it. Exception summary: org.springframework.amqp.AmqpConnectException: java.net.ConnectException: Connection refused: getsockopt
2026-04-24T13:20:57.801+08:00  INFO 45844 --- [yujianghuai-boot] [tContainer#0-94] o.s.a.r.l.SimpleMessageListenerContainer : Restarting Consumer@698c1c35: tags=[[]], channel=null, acknowledgeMode=AUTO local queue size=0
2026-04-24T13:20:57.802+08:00  INFO 45844 --- [yujianghuai-boot] [tContainer#0-95] o.s.a.r.c.CachingConnectionFactory       : Attempting to connect to: [127.0.0.1:5672]
2026-04-24T13:20:57.803+08:00 ERROR 45844 --- [yujianghuai-boot] [tContainer#0-95] o.s.a.r.l.SimpleMessageListenerContainer : Failed to check/redeclare auto-delete queue(s).
2026-04-24T13:20:57.804+08:00  INFO 45844 --- [yujianghuai-boot] [tContainer#0-95] o.s.a.r.c.CachingConnectionFactory       : Attempting to connect to: [127.0.0.1:5672]
2026-04-24T13:21:02.996+08:00  WARN 45844 --- [yujianghuai-boot] [tContainer#0-95] o.s.a.r.l.SimpleMessageListenerContainer : Consumer raised exception, processing can restart if the connection factory supports it. Exception summary: org.springframework.amqp.AmqpConnectException: java.net.ConnectException: Connection refused: getsockopt
2026-04-24T13:21:02.996+08:00  INFO 45844 --- [yujianghuai-boot] [tContainer#0-95] o.s.a.r.l.SimpleMessageListenerContainer : Restarting Consumer@78d0a5c4: tags=[[]], channel=null, acknowledgeMode=AUTO local queue size=0
2026-04-24T13:21:02.998+08:00  INFO 45844 --- [yujianghuai-boot] [tContainer#0-96] o.s.a.r.c.CachingConnectionFactory       : Attempting to connect to: [127.0.0.1:5672]
2026-04-24T13:21:03.000+08:00 ERROR 45844 --- [yujianghuai-boot] [tContainer#0-96] o.s.a.r.l.SimpleMessageListenerContainer : Failed to check/redeclare auto-delete queue(s).
2026-04-24T13:21:03.000+08:00  INFO 45844 --- [yujianghuai-boot] [tContainer#0-96] o.s.a.r.c.CachingConnectionFactory       : Attempting to connect to: [127.0.0.1:5672]
2026-04-24T13:21:08.023+08:00  WARN 45844 --- [yujianghuai-boot] [tContainer#0-96] o.s.a.r.l.SimpleMessageListenerContainer : Consumer raised exception, processing can restart if the connection factory supports it. Exception summary: org.springframework.amqp.AmqpConnectException: java.net.ConnectException: Connection refused: getsockopt
2026-04-24T13:21:08.023+08:00  INFO 45844 --- [yujianghuai-boot] [tContainer#0-96] o.s.a.r.l.SimpleMessageListenerContainer : Restarting Consumer@5e15dcd2: tags=[[]], channel=null, acknowledgeMode=AUTO local queue size=0
2026-04-24T13:21:08.025+08:00  INFO 45844 --- [yujianghuai-boot] [tContainer#0-97] o.s.a.r.c.CachingConnectionFactory       : Attempting to connect to: [127.0.0.1:5672]
2026-04-24T13:21:08.039+08:00 ERROR 45844 --- [yujianghuai-boot] [tContainer#0-97] o.s.a.r.l.SimpleMessageListenerContainer : Failed to check/redeclare auto-delete queue(s).
2026-04-24T13:21:08.039+08:00  INFO 45844 --- [yujianghuai-boot] [tContainer#0-97] o.s.a.r.c.CachingConnectionFactory       : Attempting to connect to: [127.0.0.1:5672]
2026-04-24T13:21:13.189+08:00  WARN 45844 --- [yujianghuai-boot] [tContainer#0-97] o.s.a.r.l.SimpleMessageListenerContainer : Consumer raised exception, processing can restart if the connection factory supports it. Exception summary: org.springframework.amqp.AmqpConnectException: java.net.ConnectException: Connection refused: getsockopt
2026-04-24T13:21:13.191+08:00  INFO 45844 --- [yujianghuai-boot] [tContainer#0-97] o.s.a.r.l.SimpleMessageListenerContainer : Restarting Consumer@37e05ae7: tags=[[]], channel=null, acknowledgeMode=AUTO local queue size=0
2026-04-24T13:21:13.195+08:00  INFO 45844 --- [yujianghuai-boot] [tContainer#0-98] o.s.a.r.c.CachingConnectionFactory       : Attempting to connect to: [127.0.0.1:5672]
2026-04-24T13:21:13.221+08:00 ERROR 45844 --- [yujianghuai-boot] [tContainer#0-98] o.s.a.r.l.SimpleMessageListenerContainer : Failed to check/redeclare auto-delete queue(s).
2026-04-24T13:21:13.222+08:00  INFO 45844 --- [yujianghuai-boot] [tContainer#0-98] o.s.a.r.c.CachingConnectionFactory       : Attempting to connect to: [127.0.0.1:5672]
2026-04-24T13:21:18.392+08:00  WARN 45844 --- [yujianghuai-boot] [tContainer#0-98] o.s.a.r.l.SimpleMessageListenerContainer : Consumer raised exception, processing can restart if the connection factory supports it. Exception summary: org.springframework.amqp.AmqpConnectException: java.net.ConnectException: Connection refused: getsockopt
2026-04-24T13:21:18.393+08:00  INFO 45844 --- [yujianghuai-boot] [tContainer#0-98] o.s.a.r.l.SimpleMessageListenerContainer : Restarting Consumer@2b27adcd: tags=[[]], channel=null, acknowledgeMode=AUTO local queue size=0
2026-04-24T13:21:18.394+08:00  INFO 45844 --- [yujianghuai-boot] [tContainer#0-99] o.s.a.r.c.CachingConnectionFactory       : Attempting to connect to: [127.0.0.1:5672]
2026-04-24T13:21:18.407+08:00 ERROR 45844 --- [yujianghuai-boot] [tContainer#0-99] o.s.a.r.l.SimpleMessageListenerContainer : Failed to check/redeclare auto-delete queue(s).
2026-04-24T13:21:18.408+08:00  INFO 45844 --- [yujianghuai-boot] [tContainer#0-99] o.s.a.r.c.CachingConnectionFactory       : Attempting to connect to: [127.0.0.1:5672]
2026-04-24T13:21:23.592+08:00  WARN 45844 --- [yujianghuai-boot] [tContainer#0-99] o.s.a.r.l.SimpleMessageListenerContainer : Consumer raised exception, processing can restart if the connection factory supports it. Exception summary: org.springframework.amqp.AmqpConnectException: java.net.ConnectException: Connection refused: getsockopt
2026-04-24T13:21:23.596+08:00  INFO 45844 --- [yujianghuai-boot] [tContainer#0-99] o.s.a.r.l.SimpleMessageListenerContainer : Restarting Consumer@41618cff: tags=[[]], channel=null, acknowledgeMode=AUTO local queue size=0
2026-04-24T13:21:23.597+08:00  INFO 45844 --- [yujianghuai-boot] [Container#0-100] o.s.a.r.c.CachingConnectionFactory       : Attempting to connect to: [127.0.0.1:5672]
2026-04-24T13:21:23.598+08:00 ERROR 45844 --- [yujianghuai-boot] [Container#0-100] o.s.a.r.l.SimpleMessageListenerContainer : Failed to check/redeclare auto-delete queue(s).
2026-04-24T13:21:23.598+08:00  INFO 45844 --- [yujianghuai-boot] [Container#0-100] o.s.a.r.c.CachingConnectionFactory       : Attempting to connect to: [127.0.0.1:5672]
2026-04-24T13:21:28.748+08:00  WARN 45844 --- [yujianghuai-boot] [Container#0-100] o.s.a.r.l.SimpleMessageListenerContainer : Consumer raised exception, processing can restart if the connection factory supports it. Exception summary: org.springframework.amqp.AmqpConnectException: java.net.ConnectException: Connection refused: getsockopt
2026-04-24T13:21:28.749+08:00  INFO 45844 --- [yujianghuai-boot] [Container#0-100] o.s.a.r.l.SimpleMessageListenerContainer : Restarting Consumer@227d376f: tags=[[]], channel=null, acknowledgeMode=AUTO local queue size=0
2026-04-24T13:21:28.751+08:00  INFO 45844 --- [yujianghuai-boot] [Container#0-101] o.s.a.r.c.CachingConnectionFactory       : Attempting to connect to: [127.0.0.1:5672]
2026-04-24T13:21:28.752+08:00 ERROR 45844 --- [yujianghuai-boot] [Container#0-101] o.s.a.r.l.SimpleMessageListenerContainer : Failed to check/redeclare auto-delete queue(s).
2026-04-24T13:21:28.752+08:00  INFO 45844 --- [yujianghuai-boot] [Container#0-101] o.s.a.r.c.CachingConnectionFactory       : Attempting to connect to: [127.0.0.1:5672]
2026-04-24T13:21:33.918+08:00  WARN 45844 --- [yujianghuai-boot] [Container#0-101] o.s.a.r.l.SimpleMessageListenerContainer : Consumer raised exception, processing can restart if the connection factory supports it. Exception summary: org.springframework.amqp.AmqpConnectException: java.net.ConnectException: Connection refused: getsockopt
2026-04-24T13:21:33.919+08:00  INFO 45844 --- [yujianghuai-boot] [Container#0-101] o.s.a.r.l.SimpleMessageListenerContainer : Restarting Consumer@2cf8d5f7: tags=[[]], channel=null, acknowledgeMode=AUTO local queue size=0
2026-04-24T13:21:33.920+08:00  INFO 45844 --- [yujianghuai-boot] [Container#0-102] o.s.a.r.c.CachingConnectionFactory       : Attempting to connect to: [127.0.0.1:5672]
2026-04-24T13:21:33.933+08:00 ERROR 45844 --- [yujianghuai-boot] [Container#0-102] o.s.a.r.l.SimpleMessageListenerContainer : Failed to check/redeclare auto-delete queue(s).
2026-04-24T13:21:33.933+08:00  INFO 45844 --- [yujianghuai-boot] [Container#0-102] o.s.a.r.c.CachingConnectionFactory       : Attempting to connect to: [127.0.0.1:5672]
2026-04-24T13:21:39.128+08:00  WARN 45844 --- [yujianghuai-boot] [Container#0-102] o.s.a.r.l.SimpleMessageListenerContainer : Consumer raised exception, processing can restart if the connection factory supports it. Exception summary: org.springframework.amqp.AmqpConnectException: java.net.ConnectException: Connection refused: getsockopt
2026-04-24T13:21:39.128+08:00  INFO 45844 --- [yujianghuai-boot] [Container#0-102] o.s.a.r.l.SimpleMessageListenerContainer : Restarting Consumer@ed1e2f5: tags=[[]], channel=null, acknowledgeMode=AUTO local queue size=0
2026-04-24T13:21:39.130+08:00  INFO 45844 --- [yujianghuai-boot] [Container#0-103] o.s.a.r.c.CachingConnectionFactory       : Attempting to connect to: [127.0.0.1:5672]
2026-04-24T13:21:39.131+08:00 ERROR 45844 --- [yujianghuai-boot] [Container#0-103] o.s.a.r.l.SimpleMessageListenerContainer : Failed to check/redeclare auto-delete queue(s).
2026-04-24T13:21:39.132+08:00  INFO 45844 --- [yujianghuai-boot] [Container#0-103] o.s.a.r.c.CachingConnectionFactory       : Attempting to connect to: [127.0.0.1:5672]
2026-04-24T13:21:44.349+08:00  WARN 45844 --- [yujianghuai-boot] [Container#0-103] o.s.a.r.l.SimpleMessageListenerContainer : Consumer raised exception, processing can restart if the connection factory supports it. Exception summary: org.springframework.amqp.AmqpConnectException: java.net.ConnectException: Connection refused: getsockopt
2026-04-24T13:21:44.350+08:00  INFO 45844 --- [yujianghuai-boot] [Container#0-103] o.s.a.r.l.SimpleMessageListenerContainer : Restarting Consumer@6f81421d: tags=[[]], channel=null, acknowledgeMode=AUTO local queue size=0
2026-04-24T13:21:44.351+08:00  INFO 45844 --- [yujianghuai-boot] [Container#0-104] o.s.a.r.c.CachingConnectionFactory       : Attempting to connect to: [127.0.0.1:5672]
2026-04-24T13:21:44.353+08:00 ERROR 45844 --- [yujianghuai-boot] [Container#0-104] o.s.a.r.l.SimpleMessageListenerContainer : Failed to check/redeclare auto-delete queue(s).
2026-04-24T13:21:44.354+08:00  INFO 45844 --- [yujianghuai-boot] [Container#0-104] o.s.a.r.c.CachingConnectionFactory       : Attempting to connect to: [127.0.0.1:5672]
2026-04-24T13:21:49.515+08:00  WARN 45844 --- [yujianghuai-boot] [Container#0-104] o.s.a.r.l.SimpleMessageListenerContainer : Consumer raised exception, processing can restart if the connection factory supports it. Exception summary: org.springframework.amqp.AmqpConnectException: java.net.ConnectException: Connection refused: getsockopt
2026-04-24T13:21:49.516+08:00  INFO 45844 --- [yujianghuai-boot] [Container#0-104] o.s.a.r.l.SimpleMessageListenerContainer : Restarting Consumer@2dfe0cce: tags=[[]], channel=null, acknowledgeMode=AUTO local queue size=0
2026-04-24T13:21:49.517+08:00  INFO 45844 --- [yujianghuai-boot] [Container#0-105] o.s.a.r.c.CachingConnectionFactory       : Attempting to connect to: [127.0.0.1:5672]
2026-04-24T13:21:49.518+08:00 ERROR 45844 --- [yujianghuai-boot] [Container#0-105] o.s.a.r.l.SimpleMessageListenerContainer : Failed to check/redeclare auto-delete queue(s).
2026-04-24T13:21:49.518+08:00  INFO 45844 --- [yujianghuai-boot] [Container#0-105] o.s.a.r.c.CachingConnectionFactory       : Attempting to connect to: [127.0.0.1:5672]
2026-04-24T13:21:54.536+08:00  WARN 45844 --- [yujianghuai-boot] [Container#0-105] o.s.a.r.l.SimpleMessageListenerContainer : Consumer raised exception, processing can restart if the connection factory supports it. Exception summary: org.springframework.amqp.AmqpConnectException: java.net.ConnectException: Connection refused: getsockopt
2026-04-24T13:21:54.539+08:00  INFO 45844 --- [yujianghuai-boot] [Container#0-105] o.s.a.r.l.SimpleMessageListenerContainer : Restarting Consumer@2406563b: tags=[[]], channel=null, acknowledgeMode=AUTO local queue size=0
2026-04-24T13:21:54.540+08:00  INFO 45844 --- [yujianghuai-boot] [Container#0-106] o.s.a.r.c.CachingConnectionFactory       : Attempting to connect to: [127.0.0.1:5672]
2026-04-24T13:21:54.541+08:00 ERROR 45844 --- [yujianghuai-boot] [Container#0-106] o.s.a.r.l.SimpleMessageListenerContainer : Failed to check/redeclare auto-delete queue(s).
2026-04-24T13:21:54.541+08:00  INFO 45844 --- [yujianghuai-boot] [Container#0-106] o.s.a.r.c.CachingConnectionFactory       : Attempting to connect to: [127.0.0.1:5672]
2026-04-24T13:21:59.568+08:00  WARN 45844 --- [yujianghuai-boot] [Container#0-106] o.s.a.r.l.SimpleMessageListenerContainer : Consumer raised exception, processing can restart if the connection factory supports it. Exception summary: org.springframework.amqp.AmqpConnectException: java.net.ConnectException: Connection refused: getsockopt
2026-04-24T13:21:59.569+08:00  INFO 45844 --- [yujianghuai-boot] [Container#0-106] o.s.a.r.l.SimpleMessageListenerContainer : Restarting Consumer@e83f8d5: tags=[[]], channel=null, acknowledgeMode=AUTO local queue size=0
2026-04-24T13:21:59.570+08:00  INFO 45844 --- [yujianghuai-boot] [Container#0-107] o.s.a.r.c.CachingConnectionFactory       : Attempting to connect to: [127.0.0.1:5672]
2026-04-24T13:21:59.572+08:00 ERROR 45844 --- [yujianghuai-boot] [Container#0-107] o.s.a.r.l.SimpleMessageListenerContainer : Failed to check/redeclare auto-delete queue(s).
2026-04-24T13:21:59.572+08:00  INFO 45844 --- [yujianghuai-boot] [Container#0-107] o.s.a.r.c.CachingConnectionFactory       : Attempting to connect to: [127.0.0.1:5672]
2026-04-24T13:22:04.738+08:00  WARN 45844 --- [yujianghuai-boot] [Container#0-107] o.s.a.r.l.SimpleMessageListenerContainer : Consumer raised exception, processing can restart if the connection factory supports it. Exception summary: org.springframework.amqp.AmqpConnectException: java.net.ConnectException: Connection refused: getsockopt
2026-04-24T13:22:04.739+08:00  INFO 45844 --- [yujianghuai-boot] [Container#0-107] o.s.a.r.l.SimpleMessageListenerContainer : Restarting Consumer@1b8d2571: tags=[[]], channel=null, acknowledgeMode=AUTO local queue size=0
2026-04-24T13:22:04.740+08:00  INFO 45844 --- [yujianghuai-boot] [Container#0-108] o.s.a.r.c.CachingConnectionFactory       : Attempting to connect to: [127.0.0.1:5672]
2026-04-24T13:22:04.741+08:00 ERROR 45844 --- [yujianghuai-boot] [Container#0-108] o.s.a.r.l.SimpleMessageListenerContainer : Failed to check/redeclare auto-delete queue(s).
2026-04-24T13:22:04.742+08:00  INFO 45844 --- [yujianghuai-boot] [Container#0-108] o.s.a.r.c.CachingConnectionFactory       : Attempting to connect to: [127.0.0.1:5672]
2026-04-24T13:22:09.951+08:00  WARN 45844 --- [yujianghuai-boot] [Container#0-108] o.s.a.r.l.SimpleMessageListenerContainer : Consumer raised exception, processing can restart if the connection factory supports it. Exception summary: org.springframework.amqp.AmqpConnectException: java.net.ConnectException: Connection refused: getsockopt
2026-04-24T13:22:09.951+08:00  INFO 45844 --- [yujianghuai-boot] [Container#0-108] o.s.a.r.l.SimpleMessageListenerContainer : Restarting Consumer@78bc3524: tags=[[]], channel=null, acknowledgeMode=AUTO local queue size=0
2026-04-24T13:22:09.953+08:00  INFO 45844 --- [yujianghuai-boot] [Container#0-109] o.s.a.r.c.CachingConnectionFactory       : Attempting to connect to: [127.0.0.1:5672]
2026-04-24T13:22:09.955+08:00 ERROR 45844 --- [yujianghuai-boot] [Container#0-109] o.s.a.r.l.SimpleMessageListenerContainer : Failed to check/redeclare auto-delete queue(s).
2026-04-24T13:22:09.955+08:00  INFO 45844 --- [yujianghuai-boot] [Container#0-109] o.s.a.r.c.CachingConnectionFactory       : Attempting to connect to: [127.0.0.1:5672]
2026-04-24T13:22:15.090+08:00  WARN 45844 --- [yujianghuai-boot] [Container#0-109] o.s.a.r.l.SimpleMessageListenerContainer : Consumer raised exception, processing can restart if the connection factory supports it. Exception summary: org.springframework.amqp.AmqpConnectException: java.net.ConnectException: Connection refused: getsockopt
2026-04-24T13:22:15.090+08:00  INFO 45844 --- [yujianghuai-boot] [Container#0-109] o.s.a.r.l.SimpleMessageListenerContainer : Restarting Consumer@4e657a3: tags=[[]], channel=null, acknowledgeMode=AUTO local queue size=0
2026-04-24T13:22:15.092+08:00  INFO 45844 --- [yujianghuai-boot] [Container#0-110] o.s.a.r.c.CachingConnectionFactory       : Attempting to connect to: [127.0.0.1:5672]
2026-04-24T13:22:15.094+08:00 ERROR 45844 --- [yujianghuai-boot] [Container#0-110] o.s.a.r.l.SimpleMessageListenerContainer : Failed to check/redeclare auto-delete queue(s).
2026-04-24T13:22:15.094+08:00  INFO 45844 --- [yujianghuai-boot] [Container#0-110] o.s.a.r.c.CachingConnectionFactory       : Attempting to connect to: [127.0.0.1:5672]
2026-04-24T13:22:20.270+08:00  WARN 45844 --- [yujianghuai-boot] [Container#0-110] o.s.a.r.l.SimpleMessageListenerContainer : Consumer raised exception, processing can restart if the connection factory supports it. Exception summary: org.springframework.amqp.AmqpConnectException: java.net.ConnectException: Connection refused: getsockopt
2026-04-24T13:22:20.270+08:00  INFO 45844 --- [yujianghuai-boot] [Container#0-110] o.s.a.r.l.SimpleMessageListenerContainer : Restarting Consumer@d8aea4b: tags=[[]], channel=null, acknowledgeMode=AUTO local queue size=0
2026-04-24T13:22:20.271+08:00  INFO 45844 --- [yujianghuai-boot] [Container#0-111] o.s.a.r.c.CachingConnectionFactory       : Attempting to connect to: [127.0.0.1:5672]
2026-04-24T13:22:20.272+08:00 ERROR 45844 --- [yujianghuai-boot] [Container#0-111] o.s.a.r.l.SimpleMessageListenerContainer : Failed to check/redeclare auto-delete queue(s).
2026-04-24T13:22:20.273+08:00  INFO 45844 --- [yujianghuai-boot] [Container#0-111] o.s.a.r.c.CachingConnectionFactory       : Attempting to connect to: [127.0.0.1:5672]
2026-04-24T13:22:25.456+08:00  WARN 45844 --- [yujianghuai-boot] [Container#0-111] o.s.a.r.l.SimpleMessageListenerContainer : Consumer raised exception, processing can restart if the connection factory supports it. Exception summary: org.springframework.amqp.AmqpConnectException: java.net.ConnectException: Connection refused: getsockopt
2026-04-24T13:22:25.459+08:00  INFO 45844 --- [yujianghuai-boot] [Container#0-111] o.s.a.r.l.SimpleMessageListenerContainer : Restarting Consumer@2dda0ff6: tags=[[]], channel=null, acknowledgeMode=AUTO local queue size=0
2026-04-24T13:22:25.460+08:00  INFO 45844 --- [yujianghuai-boot] [Container#0-112] o.s.a.r.c.CachingConnectionFactory       : Attempting to connect to: [127.0.0.1:5672]
2026-04-24T13:22:25.461+08:00 ERROR 45844 --- [yujianghuai-boot] [Container#0-112] o.s.a.r.l.SimpleMessageListenerContainer : Failed to check/redeclare auto-delete queue(s).
2026-04-24T13:22:25.462+08:00  INFO 45844 --- [yujianghuai-boot] [Container#0-112] o.s.a.r.c.CachingConnectionFactory       : Attempting to connect to: [127.0.0.1:5672]
2026-04-24T13:22:30.646+08:00  WARN 45844 --- [yujianghuai-boot] [Container#0-112] o.s.a.r.l.SimpleMessageListenerContainer : Consumer raised exception, processing can restart if the connection factory supports it. Exception summary: org.springframework.amqp.AmqpConnectException: java.net.ConnectException: Connection refused: getsockopt
2026-04-24T13:22:30.647+08:00  INFO 45844 --- [yujianghuai-boot] [Container#0-112] o.s.a.r.l.SimpleMessageListenerContainer : Restarting Consumer@302f1689: tags=[[]], channel=null, acknowledgeMode=AUTO local queue size=0
2026-04-24T13:22:30.648+08:00  INFO 45844 --- [yujianghuai-boot] [Container#0-113] o.s.a.r.c.CachingConnectionFactory       : Attempting to connect to: [127.0.0.1:5672]
2026-04-24T13:22:30.663+08:00 ERROR 45844 --- [yujianghuai-boot] [Container#0-113] o.s.a.r.l.SimpleMessageListenerContainer : Failed to check/redeclare auto-delete queue(s).
2026-04-24T13:22:30.664+08:00  INFO 45844 --- [yujianghuai-boot] [Container#0-113] o.s.a.r.c.CachingConnectionFactory       : Attempting to connect to: [127.0.0.1:5672]
2026-04-24T13:22:35.681+08:00  WARN 45844 --- [yujianghuai-boot] [Container#0-113] o.s.a.r.l.SimpleMessageListenerContainer : Consumer raised exception, processing can restart if the connection factory supports it. Exception summary: org.springframework.amqp.AmqpConnectException: java.net.ConnectException: Connection refused: getsockopt
2026-04-24T13:22:35.686+08:00  INFO 45844 --- [yujianghuai-boot] [Container#0-113] o.s.a.r.l.SimpleMessageListenerContainer : Restarting Consumer@1d83adc9: tags=[[]], channel=null, acknowledgeMode=AUTO local queue size=0
2026-04-24T13:22:35.687+08:00  INFO 45844 --- [yujianghuai-boot] [Container#0-114] o.s.a.r.c.CachingConnectionFactory       : Attempting to connect to: [127.0.0.1:5672]
2026-04-24T13:22:35.711+08:00 ERROR 45844 --- [yujianghuai-boot] [Container#0-114] o.s.a.r.l.SimpleMessageListenerContainer : Failed to check/redeclare auto-delete queue(s).
2026-04-24T13:22:35.712+08:00  INFO 45844 --- [yujianghuai-boot] [Container#0-114] o.s.a.r.c.CachingConnectionFactory       : Attempting to connect to: [127.0.0.1:5672]
2026-04-24T13:22:40.883+08:00  WARN 45844 --- [yujianghuai-boot] [Container#0-114] o.s.a.r.l.SimpleMessageListenerContainer : Consumer raised exception, processing can restart if the connection factory supports it. Exception summary: org.springframework.amqp.AmqpConnectException: java.net.ConnectException: Connection refused: getsockopt
2026-04-24T13:22:40.884+08:00  INFO 45844 --- [yujianghuai-boot] [Container#0-114] o.s.a.r.l.SimpleMessageListenerContainer : Restarting Consumer@5c2d9a6a: tags=[[]], channel=null, acknowledgeMode=AUTO local queue size=0
2026-04-24T13:22:40.885+08:00  INFO 45844 --- [yujianghuai-boot] [Container#0-115] o.s.a.r.c.CachingConnectionFactory       : Attempting to connect to: [127.0.0.1:5672]
2026-04-24T13:22:40.886+08:00 ERROR 45844 --- [yujianghuai-boot] [Container#0-115] o.s.a.r.l.SimpleMessageListenerContainer : Failed to check/redeclare auto-delete queue(s).
2026-04-24T13:22:40.886+08:00  INFO 45844 --- [yujianghuai-boot] [Container#0-115] o.s.a.r.c.CachingConnectionFactory       : Attempting to connect to: [127.0.0.1:5672]
2026-04-24T13:22:46.031+08:00  WARN 45844 --- [yujianghuai-boot] [Container#0-115] o.s.a.r.l.SimpleMessageListenerContainer : Consumer raised exception, processing can restart if the connection factory supports it. Exception summary: org.springframework.amqp.AmqpConnectException: java.net.ConnectException: Connection refused: getsockopt
2026-04-24T13:22:46.032+08:00  INFO 45844 --- [yujianghuai-boot] [Container#0-115] o.s.a.r.l.SimpleMessageListenerContainer : Restarting Consumer@4b5ed525: tags=[[]], channel=null, acknowledgeMode=AUTO local queue size=0
2026-04-24T13:22:46.033+08:00  INFO 45844 --- [yujianghuai-boot] [Container#0-116] o.s.a.r.c.CachingConnectionFactory       : Attempting to connect to: [127.0.0.1:5672]
2026-04-24T13:22:46.034+08:00 ERROR 45844 --- [yujianghuai-boot] [Container#0-116] o.s.a.r.l.SimpleMessageListenerContainer : Failed to check/redeclare auto-delete queue(s).
2026-04-24T13:22:46.034+08:00  INFO 45844 --- [yujianghuai-boot] [Container#0-116] o.s.a.r.c.CachingConnectionFactory       : Attempting to connect to: [127.0.0.1:5672]
2026-04-24T13:22:51.053+08:00  WARN 45844 --- [yujianghuai-boot] [Container#0-116] o.s.a.r.l.SimpleMessageListenerContainer : Consumer raised exception, processing can restart if the connection factory supports it. Exception summary: org.springframework.amqp.AmqpConnectException: java.net.ConnectException: Connection refused: getsockopt
2026-04-24T13:22:51.053+08:00  INFO 45844 --- [yujianghuai-boot] [Container#0-116] o.s.a.r.l.SimpleMessageListenerContainer : Restarting Consumer@7c4cbf14: tags=[[]], channel=null, acknowledgeMode=AUTO local queue size=0
2026-04-24T13:22:51.054+08:00  INFO 45844 --- [yujianghuai-boot] [Container#0-117] o.s.a.r.c.CachingConnectionFactory       : Attempting to connect to: [127.0.0.1:5672]
2026-04-24T13:22:51.068+08:00 ERROR 45844 --- [yujianghuai-boot] [Container#0-117] o.s.a.r.l.SimpleMessageListenerContainer : Failed to check/redeclare auto-delete queue(s).
2026-04-24T13:22:51.069+08:00  INFO 45844 --- [yujianghuai-boot] [Container#0-117] o.s.a.r.c.CachingConnectionFactory       : Attempting to connect to: [127.0.0.1:5672]
2026-04-24T13:22:56.281+08:00  WARN 45844 --- [yujianghuai-boot] [Container#0-117] o.s.a.r.l.SimpleMessageListenerContainer : Consumer raised exception, processing can restart if the connection factory supports it. Exception summary: org.springframework.amqp.AmqpConnectException: java.net.ConnectException: Connection refused: getsockopt
2026-04-24T13:22:56.282+08:00  INFO 45844 --- [yujianghuai-boot] [Container#0-117] o.s.a.r.l.SimpleMessageListenerContainer : Restarting Consumer@6462d42c: tags=[[]], channel=null, acknowledgeMode=AUTO local queue size=0
2026-04-24T13:22:56.283+08:00  INFO 45844 --- [yujianghuai-boot] [Container#0-118] o.s.a.r.c.CachingConnectionFactory       : Attempting to connect to: [127.0.0.1:5672]
2026-04-24T13:22:56.284+08:00 ERROR 45844 --- [yujianghuai-boot] [Container#0-118] o.s.a.r.l.SimpleMessageListenerContainer : Failed to check/redeclare auto-delete queue(s).
2026-04-24T13:22:56.285+08:00  INFO 45844 --- [yujianghuai-boot] [Container#0-118] o.s.a.r.c.CachingConnectionFactory       : Attempting to connect to: [127.0.0.1:5672]
2026-04-24T13:23:01.400+08:00  WARN 45844 --- [yujianghuai-boot] [Container#0-118] o.s.a.r.l.SimpleMessageListenerContainer : Consumer raised exception, processing can restart if the connection factory supports it. Exception summary: org.springframework.amqp.AmqpConnectException: java.net.ConnectException: Connection refused: getsockopt
2026-04-24T13:23:01.402+08:00  INFO 45844 --- [yujianghuai-boot] [Container#0-118] o.s.a.r.l.SimpleMessageListenerContainer : Restarting Consumer@2dc4ea8b: tags=[[]], channel=null, acknowledgeMode=AUTO local queue size=0
2026-04-24T13:23:01.406+08:00  INFO 45844 --- [yujianghuai-boot] [Container#0-119] o.s.a.r.c.CachingConnectionFactory       : Attempting to connect to: [127.0.0.1:5672]
2026-04-24T13:23:01.430+08:00 ERROR 45844 --- [yujianghuai-boot] [Container#0-119] o.s.a.r.l.SimpleMessageListenerContainer : Failed to check/redeclare auto-delete queue(s).
2026-04-24T13:23:01.431+08:00  INFO 45844 --- [yujianghuai-boot] [Container#0-119] o.s.a.r.c.CachingConnectionFactory       : Attempting to connect to: [127.0.0.1:5672]
2026-04-24T13:23:06.539+08:00  WARN 45844 --- [yujianghuai-boot] [Container#0-119] o.s.a.r.l.SimpleMessageListenerContainer : Consumer raised exception, processing can restart if the connection factory supports it. Exception summary: org.springframework.amqp.AmqpConnectException: java.net.ConnectException: Connection refused: getsockopt
2026-04-24T13:23:06.540+08:00  INFO 45844 --- [yujianghuai-boot] [Container#0-119] o.s.a.r.l.SimpleMessageListenerContainer : Restarting Consumer@45006f99: tags=[[]], channel=null, acknowledgeMode=AUTO local queue size=0
2026-04-24T13:23:06.542+08:00  INFO 45844 --- [yujianghuai-boot] [Container#0-120] o.s.a.r.c.CachingConnectionFactory       : Attempting to connect to: [127.0.0.1:5672]
2026-04-24T13:23:06.544+08:00 ERROR 45844 --- [yujianghuai-boot] [Container#0-120] o.s.a.r.l.SimpleMessageListenerContainer : Failed to check/redeclare auto-delete queue(s).
2026-04-24T13:23:06.544+08:00  INFO 45844 --- [yujianghuai-boot] [Container#0-120] o.s.a.r.c.CachingConnectionFactory       : Attempting to connect to: [127.0.0.1:5672]
2026-04-24T13:23:11.736+08:00  WARN 45844 --- [yujianghuai-boot] [Container#0-120] o.s.a.r.l.SimpleMessageListenerContainer : Consumer raised exception, processing can restart if the connection factory supports it. Exception summary: org.springframework.amqp.AmqpConnectException: java.net.ConnectException: Connection refused: getsockopt
2026-04-24T13:23:11.737+08:00  INFO 45844 --- [yujianghuai-boot] [Container#0-120] o.s.a.r.l.SimpleMessageListenerContainer : Restarting Consumer@1e744439: tags=[[]], channel=null, acknowledgeMode=AUTO local queue size=0
2026-04-24T13:23:11.740+08:00  INFO 45844 --- [yujianghuai-boot] [Container#0-121] o.s.a.r.c.CachingConnectionFactory       : Attempting to connect to: [127.0.0.1:5672]
2026-04-24T13:23:11.742+08:00 ERROR 45844 --- [yujianghuai-boot] [Container#0-121] o.s.a.r.l.SimpleMessageListenerContainer : Failed to check/redeclare auto-delete queue(s).
2026-04-24T13:23:11.742+08:00  INFO 45844 --- [yujianghuai-boot] [Container#0-121] o.s.a.r.c.CachingConnectionFactory       : Attempting to connect to: [127.0.0.1:5672]
